step,reward,win_rate,mean_steps
188,5.727037584459459,0.0,24.625
10255,7.610958614864863,0.0,23.0625
20370,7.456397804054053,0.0,22.46875
30411,7.215582770270269,0.0,22.0625
40474,7.2211254222972965,0.0,22.0625
50508,7.057538006756756,0.0,21.8125
60529,7.244510135135133,0.0,21.6875
70690,7.204919763513512,0.0,21.5625
80741,7.248258023648647,0.0,22.1875
90903,7.14701224662162,0.0,21.15625
101075,7.666596283783782,0.0,22.78125
111161,7.669552364864864,0.0,22.90625
121284,7.583403716216216,0.0,23.25
131354,7.593433277027026,0.0,23.40625
141359,7.5922191722972965,0.0,22.9375
151452,7.872255067567567,0.0,23.65625
161572,8.038429054054053,0.0,28.1875
171735,7.895903716216216,0.0,24.03125
181818,7.821579391891891,0.0,23.5
191912,7.939611486486486,0.0,24.21875
201980,7.791649070945945,0.0,23.28125
212016,7.9222972972972965,0.0,24.125
222044,7.857210726351351,0.0,23.84375
232119,7.735272381756756,0.0,22.875
242304,7.664590371621621,0.0,22.8125
252473,7.7719066722972965,0.0,23.90625
262486,7.7776076858108105,0.0,23.25
272542,7.782041807432432,0.0,23.78125
282607,7.737119932432432,0.0,23.28125
292694,7.684807854729728,0.0,23.46875
302710,7.6586254222972965,0.0,22.75
312713,7.927417652027025,0.0,22.59375
322808,7.967694256756756,0.0,22.375
332847,8.017683699324323,0.0,22.8125
342996,7.7489970439189175,0.0,21.25
353064,7.785050675675675,0.0,23.125
363112,7.912690033783782,0.0,22.875
373129,8.203441722972972,0.0,23.25
383315,8.053895692567567,0.0,23.25
393340,7.831028293918918,0.0,23.28125
403455,7.900390625,0.0,23.625
413468,7.7788217905405395,0.0,22.65625
423523,7.943887246621621,0.0,22.34375
433661,8.112383868243242,0.0,22.65625
443724,7.897381756756756,0.0,22.0
453734,8.20143581081081,0.0,23.21875
463791,8.046558277027026,0.0,23.46875
473959,8.172772381756756,0.0,23.0
484134,8.056587837837839,0.0,22.75
494291,8.014094172297296,0.0,22.53125
504434,8.314136402027026,0.0,22.65625
514549,8.373469172297298,0.0,23.4375
524643,8.274598817567568,0.0,23.03125
534806,8.172930743243242,0.0,23.0625
544957,8.529930320945946,0.0,22.6875
555091,8.597709037162161,0.0,23.8125
565114,8.523859797297296,0.0,23.8125
575184,8.551414695945946,0.0,23.34375
585256,8.260557432432432,0.0,22.71875
595320,8.52956081081081,0.0,24.3125
605388,8.471970016891891,0.0,23.6875
615445,8.545555320945944,0.0,23.375
625456,8.723078547297296,0.0,24.25
635571,8.587996199324323,0.0,23.3125
645665,8.420027449324323,0.0,22.6875
655679,8.43850295608108,0.0,22.75
665841,8.732474662162161,0.0,23.28125
675928,8.771906672297296,0.0,23.46875
685928,8.86623733108108,0.0,23.0625
696003,8.759343327702702,0.0,23.15625
706162,8.81857052364865,0.0,23.09375
716174,9.125,0.0,23.53125
726308,8.862489442567565,0.0,22.6875
736447,9.019425675675674,0.0,22.71875
746448,9.134871199324323,0.0,23.8125
756606,9.13254856418919,0.0,23.53125
766695,8.87135768581081,0.0,23.0
776794,9.190139358108107,0.0,23.15625
786829,9.200485641891891,0.0,23.5625
796841,9.268897804054054,0.0,23.375
806911,9.412109375,0.0,23.875
816995,9.361011402027025,0.0,24.0
827028,9.227829391891891,0.0,23.25
837083,9.212996199324323,0.0,23.5
847142,8.994246199324325,0.0,23.3125
857263,9.488228462837839,0.0,23.625
867406,9.39965160472973,0.0,23.65625
877549,9.230996621621621,0.0,23.40625
887679,9.48194679054054,0.0,23.6875
897840,9.273648648648647,0.0,23.71875
907858,9.432274070945944,0.0,24.21875
917952,9.404455236486488,0.0,23.875
927967,9.260451858108107,0.0,23.625
938066,9.266311233108109,0.0,23.40625
948181,9.068728885135133,0.0,23.5
958328,9.26932010135135,0.0,24.125
968331,9.036423141891891,0.0,23.25
978421,9.336570945945944,0.0,23.5
988508,9.676942567567567,0.0,23.9375
998539,9.582453547297296,0.0,24.34375
1008577,9.617029138513512,0.0,24.4375
1018637,9.24852195945946,0.0,23.5
1028787,9.240551097972972,0.0,24.03125
1038966,9.448902027027026,0.0,24.03125
1049107,9.768633868243242,0.0,24.8125
1059233,9.580447635135133,0.0,24.625
1069322,9.711993243243242,0.0,24.34375
1079399,9.48511402027027,0.0,23.4375
1089515,9.534258868243242,0.0,23.71875
1099603,9.470386402027028,0.0,24.3125
1109781,9.423986486486486,0.0,23.59375
1119905,9.793496621621621,0.0,24.25
1130052,9.316036739864865,0.0,23.46875
1140180,9.491131756756758,0.0,24.1875
1150300,10.018739442567568,0.0,24.84375
1160447,9.747624577702702,0.0,24.6875
1170490,9.688186233108109,0.0,24.4375
1180601,9.785472972972972,0.0,24.875
1190752,9.456872888513512,0.0,24.5
1200863,9.578125,0.0,24.53125
1211039,9.576594172297298,0.0,24.40625
1221059,9.72339527027027,0.0,24.4375
1231205,9.797191722972972,0.0,24.15625
1241279,9.788640202702702,0.0,24.6875
1251327,9.334037162162161,0.0,23.46875
1261357,10.32252956081081,0.0,26.03125
1271381,9.698426942567568,0.0,24.46875
1281384,10.063819679054053,0.0,25.25
1291581,9.901974239864863,0.0,24.84375
1301594,9.782833614864867,0.0,24.03125
1311643,10.102459881756754,0.0,25.09375
1321745,9.345016891891891,0.0,23.46875
1331923,9.881387246621621,0.0,25.0
1341992,9.790910050675674,0.0,25.0
1352147,9.803895692567565,0.0,24.53125
1362299,9.65112964527027,0.0,24.1875
1372443,9.986486486486484,0.0,24.9375
1382551,9.706133868243242,0.0,24.53125
1392692,10.214896537162161,0.0,25.75
1402845,10.182010135135133,0.0,25.28125
1412938,9.569626266891891,0.0,24.34375
1423026,9.87209670608108,0.0,25.0625
1433168,9.832031249999998,0.0,24.59375
1443236,9.84348606418919,0.0,24.875
1453378,9.597550675675675,0.0,24.3125
1463454,9.86227829391892,0.0,24.5
1473605,9.957928631756758,0.0,24.8125
1483733,9.857263513513514,0.0,25.03125
1493748,9.965741131756756,0.0,24.5
1503895,10.063344594594593,0.0,25.03125
1514007,10.020323057432433,0.0,25.28125
1524156,9.991078969594593,0.0,24.75
1534307,10.202702702702702,0.0,25.3125
1544370,9.54513302364865,0.0,24.5
1554380,10.259765625,0.0,25.375
1564445,9.806535050675674,0.0,24.9375
1574627,9.9453125,0.0,24.875
1584735,10.051361908783782,0.0,25.78125
1594779,10.091269003378377,0.0,25.40625
1604958,9.975929054054053,0.0,25.09375
1614966,9.95069679054054,0.0,24.9375
1625054,9.72365920608108,0.0,24.8125
1635210,9.626055743243242,0.0,24.375
1645249,10.001953124999998,0.0,25.125
1655403,9.488650760135133,0.0,24.15625
1665502,9.935177364864863,0.0,25.0625
1675591,10.21875,0.0,25.625
1685689,9.83815456081081,0.0,25.125
1695796,10.317356418918918,0.0,25.8125
1705870,9.826013513513512,0.0,25.15625
1715880,10.21558277027027,0.0,25.5625
1726031,9.814822635135133,0.0,24.9375
1736095,9.861433699324323,0.0,25.09375
1746139,9.897540118243242,0.0,24.9375
1756206,10.218802787162161,0.0,25.375
1766305,9.840424408783784,0.0,24.84375
1776433,10.033361486486484,0.0,25.0625
1786553,9.802206503378379,0.0,24.8125
1796608,10.370513091216214,0.0,26.0625
1806694,9.791649070945944,0.0,24.53125
1816821,10.077280405405405,0.0,25.28125
1826822,10.27908572635135,0.0,25.6875
1836994,10.15577491554054,0.0,25.90625
1846999,9.854940878378379,0.0,25.1875
1857160,10.276710304054053,0.0,25.9375
1867312,9.86819045608108,0.0,25.34375
1877400,10.019900760135133,0.0,25.09375
1887414,10.06418918918919,0.0,25.1875
1897602,10.494932432432432,0.0,25.84375
1907793,10.189769847972974,0.0,25.25
1917981,9.915962837837835,0.0,24.96875
1928028,9.691511824324325,0.0,24.78125
1938146,10.070629222972972,0.0,25.375
1948302,9.74904983108108,0.0,24.59375
1958448,9.940086570945947,0.0,24.9375
1968570,9.88893581081081,0.0,24.375
1978701,9.99245143581081,0.0,24.65625
1988803,10.219277871621621,0.0,25.40625
1998852,9.890202702702702,0.0,25.15625
2008976,9.955553209459458,0.0,24.9375
2019017,10.149546030405403,0.0,25.34375
2029032,10.546927787162161,0.0,25.96875
2039100,10.140625,0.0,25.375
2049111,10.166649070945944,0.0,25.28125
2059115,9.95433910472973,0.0,25.0
2069263,10.128483952702702,0.0,25.90625
2079269,10.114653716216216,0.0,25.34375
2089441,9.956450591216216,0.0,25.15625
2099592,10.389252533783784,0.0,26.0
2109772,10.015149915540539,0.0,25.46875
2119791,10.288165118243242,0.0,26.09375
2129879,10.315033783783782,0.0,26.03125
2139959,10.275337837837839,0.0,25.8125
2150119,10.337257179054054,0.0,25.84375
2160234,10.392155827702702,0.0,26.21875
2170413,10.12156883445946,0.0,25.28125
2180591,10.272909628378379,0.0,25.96875
2190612,10.05368454391892,0.0,25.28125
2200702,10.53610641891892,0.0,26.34375
2210823,10.266152871621621,0.0,25.78125
2220952,10.247149493243242,0.0,25.46875
2231044,10.03758445945946,0.0,25.5
2241079,9.763355152027026,0.0,24.8125
2251164,10.619826858108105,0.0,26.5625
2261293,10.280088682432432,0.0,25.90625
2271470,10.673722550675675,0.0,26.5625
2281657,10.315508868243242,0.0,25.71875
2291765,10.242768158783784,0.0,25.90625
2301819,10.050834037162161,0.0,25.21875
2311965,10.28542018581081,0.0,25.71875
2322089,10.369087837837839,0.0,26.3125
2332205,10.207717483108109,0.0,25.65625
2342370,10.034047719594593,0.0,25.34375
2352543,10.36037795608108,0.0,26.0
2362655,10.327702702702702,0.0,26.03125
2372861,10.262141047297295,0.0,25.40625
2382989,10.274018158783782,0.0,25.59375
2393105,10.48754222972973,0.0,26.75
2403170,10.142894847972972,0.0,25.5625
2413347,10.628642314189188,0.0,26.78125
2423427,10.342271959459458,0.0,26.46875
2433581,10.08614864864865,0.0,25.3125
2443717,10.50760135135135,0.0,26.03125
2453733,10.548880912162161,0.0,26.53125
2463804,10.58910472972973,0.03125,26.9375
2473970,10.162426097972974,0.0,25.625
2484008,10.055320945945944,0.0,25.25
2494112,10.70602829391892,0.0,26.59375
2504170,10.364073057432432,0.0,26.1875
2514179,10.703494510135133,0.0,26.4375
2524242,10.60546875,0.0,26.5
2534289,10.516891891891891,0.0,25.8125
2544289,10.695048564189188,0.0,26.3125
2554346,10.65746410472973,0.0,26.4375
2564371,10.460620777027026,0.0,26.1875
2574470,10.309016047297296,0.0,25.9375
2584634,10.665434966216214,0.0,26.21875
2594704,10.625158361486486,0.0,26.5
2604860,10.699535472972972,0.0,26.96875
2614918,10.329972550675675,0.0,26.46875
2625034,10.980152027027025,0.0,27.375
2635141,10.44436233108108,0.0,25.84375
2645225,10.564980996621621,0.0,26.5
2655239,10.646484375,0.0,26.4375
2665310,10.472286739864865,0.0,26.6875
2675360,10.908730996621621,0.0,26.78125
2685477,10.523173564189188,0.0,26.09375
2695590,10.11497043918919,0.0,26.03125
2705725,10.225559543918918,0.0,25.71875
2715917,10.716638513513512,0.0,26.0625
2726017,10.51346072635135,0.0,26.5625
2736159,10.854201858108107,0.0,26.90625
2746324,10.580975506756754,0.0,26.1875
2756460,10.498205236486484,0.0,26.21875
2766515,10.696632179054053,0.0,26.40625
2776659,10.452333192567567,0.0,25.78125
2786776,10.77903293918919,0.0,26.625
2796849,10.48194679054054,0.0,26.78125
2807003,10.65186866554054,0.0,26.21875
2817097,11.06862331081081,0.0,27.125
2827211,10.82131545608108,0.0,26.78125
2837366,10.33963260135135,0.0,26.375
2847393,11.065508868243242,0.0,27.3125
2857458,10.538376266891891,0.0,26.1875
2867600,10.198321368243242,0.0,26.125
2877696,10.753008868243242,0.0,27.15625
2887843,10.696948902027026,0.0,26.375
2897987,10.706239442567568,0.0,26.75
2908103,10.89110008445946,0.0,26.9375
2918110,10.588576858108107,0.0,26.46875
2928316,10.446157094594593,0.0,26.1875
2938416,10.925675675675674,0.0,27.21875
2948478,10.832347972972972,0.0,27.125
2958684,10.382231841216214,0.0,26.03125
2968869,10.786317567567568,0.0,26.96875
2978959,10.65598606418919,0.0,26.9375
2989159,10.67213893581081,0.0,26.6875
2999320,10.736486486486486,0.0,26.875
3009510,10.894108952702702,0.0,26.53125
3019636,11.065720016891891,0.0,27.4375
3029829,10.88112331081081,0.0,26.8125
3040026,10.762932854729728,0.0,26.1875
3050228,10.810494087837837,0.0,26.75
3060313,10.879698057432432,0.0,26.9375
3070350,10.879592483108109,0.0,26.96875
3080374,11.068253800675675,0.0,27.71875
3090380,11.097656249999998,0.0,26.84375
3100437,11.04027660472973,0.0,27.1875
3110519,11.230310388513512,0.0,27.4375
3120656,10.972972972972972,0.0,27.15625
3130658,10.84375,0.0,26.65625
3140727,10.703916807432432,0.0,26.53125
3150861,10.833086993243242,0.0,26.71875
3160870,10.449271537162161,0.0,26.21875
3171028,10.826013513513512,0.0,26.6875
3181235,11.083614864864863,0.0,27.15625
3191329,10.874947212837835,0.0,26.84375
3201413,11.103198902027026,0.0,27.15625
3211566,10.415962837837837,0.0,25.75
3221660,11.007284628378379,0.0,27.0
3231797,10.691247888513512,0.0,26.625
3241806,11.246621621621621,0.0,27.5
3251854,11.135557432432433,0.0,26.96875
3261961,11.023279138513512,0.0,27.03125
3272025,10.986380912162161,0.0,27.0625
3282065,10.669077280405405,0.0,27.09375
3292104,10.927100929054053,0.0,26.8125
3302228,10.920977618243242,0.0,27.28125
3312273,10.905880489864863,0.0,27.1875
3322476,10.861803209459458,0.0,26.875
3332604,11.224609375,0.0,27.3125
3342682,10.708984374999998,0.0,26.875
3352784,10.592219172297296,0.0,26.59375
3362971,10.984902871621621,0.0,27.46875
3373018,10.766258445945944,0.0,26.6875
3383106,10.61866554054054,0.0,26.46875
3393242,11.130067567567567,0.0,27.34375
3403351,10.918021537162161,0.0,27.40625
3413433,10.977090371621621,0.0,27.34375
3423457,11.406619510135133,0.0,27.9375
3433565,10.89088893581081,0.0,27.40625
3443695,10.503800675675674,0.0,26.40625
3453820,11.077333192567567,0.0,27.65625
3463951,10.730574324324323,0.0,26.90625
3473969,10.924144847972972,0.0,27.0625
3484106,10.576805320945946,0.0,26.375
3494256,10.342166385135133,0.0,26.375
3504389,10.498099662162163,0.0,26.625
3514536,10.908572635135133,0.0,27.3125
3524723,11.135135135135133,0.0,27.5
3534873,10.51932010135135,0.0,26.46875
3544988,11.034364442567568,0.0,27.78125
3554997,10.804106841216214,0.0,26.6875
3565067,11.154508023648647,0.0,27.6875
3575190,10.867873733108107,0.0,27.25
3585394,10.82279349662162,0.0,26.84375
3595544,11.201858108108107,0.0,27.53125
3605571,10.960251266891891,0.0,27.375
3615758,10.834617820945944,0.0,27.0625
3625928,11.431323902027025,0.0,28.34375
3635944,10.966110641891891,0.0,27.4375
3646000,11.037901182432432,0.0,27.21875
3656111,11.214474239864863,0.0,27.625
3666202,10.728726773648647,0.0,26.96875
3676394,11.044130067567567,0.0,27.53125
3686555,10.941722972972972,0.0,27.625
3696556,10.616606841216216,0.0,26.875
3706712,10.868771114864863,0.0,27.59375
3716885,10.936549831081079,0.0,27.15625
3726903,11.424197635135135,0.0,28.65625
3736983,11.176097972972972,0.0,27.5625
3747020,11.25168918918919,0.0,28.75
3757120,11.419974662162161,0.0,28.15625
3767183,10.810019003378379,0.0,27.125
3777256,11.077227618243242,0.0,28.0625
3787327,11.021062077702702,0.0,27.59375
3797390,11.19895481418919,0.0,27.90625
3807558,10.831345016891891,0.0,27.5
3817708,11.28832347972973,0.0,28.0
3827756,11.534733952702702,0.0,28.4375
3837944,11.077069256756754,0.0,27.21875
3848006,10.885557432432432,0.0,27.125
3858118,11.381281672297296,0.0,28.03125
3868186,11.322582347972972,0.0,28.5625
3878343,11.000052787162161,0.0,26.9375
3888378,11.306535050675674,0.0,28.15625
3898452,11.216955236486486,0.0,27.71875
3908565,11.013038429054053,0.0,27.34375
3918661,11.34939822635135,0.0,28.03125
3928713,10.673933699324325,0.0,26.5
3938811,11.664695945945944,0.0,29.03125
3948827,11.157041807432432,0.0,28.15625
3958941,11.172561233108107,0.0,27.71875
3968994,11.33277027027027,0.0,27.78125
3979205,11.321157094594593,0.0,28.53125
3989297,11.490867820945944,0.0,28.59375
3999459,11.295502533783782,0.0,28.0625
4009659,11.14284206081081,0.0,27.71875
4019782,11.791649070945946,0.0,29.03125
4029842,11.047244510135133,0.0,27.65625
4039959,11.548300253378377,0.0,28.625
4050144,11.112858952702702,0.0,27.8125
4060228,10.909364442567565,0.0,27.21875
4070393,11.449324324324323,0.0,28.53125
4080484,10.967483108108107,0.0,27.0
4090551,11.571896114864865,0.0,27.90625
4100665,11.230363175675675,0.0,27.75
4110756,11.928948479729728,0.0,29.375
4120951,11.33963260135135,0.0,27.875
4131136,11.354413006756756,0.0,28.375
4141348,11.800358952702702,0.0,28.75
4151557,11.322212837837839,0.0,28.15625
4161618,11.012774493243242,0.0,27.9375
4171625,11.53299197635135,0.0,28.75
4181743,11.504961993243242,0.0,28.28125
4191749,11.507706925675674,0.0,28.0625
4201804,11.635346283783782,0.0,28.53125
4211826,11.569045608108109,0.0,28.5625
4221890,11.58957981418919,0.0,28.25
4232109,11.188027871621621,0.0,28.375
4242293,11.661951013513512,0.0,28.96875
4252427,11.790223817567565,0.0625,29.34375
4262483,11.118243243243242,0.0,27.9375
4272694,10.952808277027026,0.0,27.40625
4282751,11.22804054054054,0.0,28.625
4292869,11.300886824324323,0.0,27.6875
4302982,11.385451858108107,0.0,27.96875
4313076,11.309279983108107,0.0,28.28125
4323286,11.439611486486486,0.0,28.6875
4333497,11.355679898648647,0.0,27.6875
4343572,11.156777871621621,0.0,28.4375
4353605,11.341110641891891,0.0,28.4375
4363646,11.14722339527027,0.0,28.09375
4373701,10.98289695945946,0.0,27.625
4383745,11.088471283783782,0.0,27.84375
4393862,11.462837837837839,0.0,28.75
4403892,11.339157516891888,0.0,31.6875
4414025,11.024757179054053,0.0,28.15625
4424105,11.957084037162161,0.0,29.1875
4434162,11.67794552364865,0.0,28.71875
4444231,11.47144214527027,0.0,28.4375
4454254,11.111064189189188,0.0,28.0625
4464333,11.019900760135133,0.0,27.5
4474348,10.93116554054054,0.0,27.28125
4484388,11.059702280405403,0.0,27.9375
4494408,11.251372466216218,0.0,28.0625
4504611,11.43285472972973,0.0,29.09375
4514795,11.637880067567567,0.0,28.8125
4524898,11.738070101351349,0.0,28.84375
4534943,11.55294552364865,0.0,29.34375
4545017,11.34718116554054,0.0,28.125
4555086,11.704497466216216,0.0,29.3125
4565294,11.16385135135135,0.0,27.6875
4575384,11.240076013513512,0.0,28.25
4585454,11.73949535472973,0.0,29.6875
4595622,11.261349239864863,0.0,28.625
4605841,11.047772381756756,0.0,27.6875
4615948,11.61085304054054,0.0,29.40625
4626083,11.319467905405403,0.0,28.625
4636228,11.02322635135135,0.0,28.28125
4646305,11.383340371621623,0.0,28.5
4656421,11.17673141891892,0.0,27.59375
4666504,11.273067989864865,0.0,27.90625
4676685,11.100031672297296,0.0,28.40625
4686782,11.102671030405403,0.0,28.375
4696877,11.703969594594595,0.0,29.625
4707020,11.33567356418919,0.0,28.5
4717108,11.184121621621621,0.0,28.15625
4727139,10.988122888513512,0.0,28.53125
4737150,12.16627956081081,0.0,29.84375
4747296,11.173933699324323,0.0,28.78125
4757354,11.16749366554054,0.0,28.0
4767548,11.624155405405403,0.0,28.65625
4777619,11.413059543918918,0.0,28.15625
4787649,11.331081081081079,0.0,28.65625
4797856,11.037901182432433,0.0,27.9375
4807979,11.459089949324323,0.0,28.46875
4817989,10.765466638513512,0.0,27.1875
4827991,11.647117820945944,0.0,28.65625
4838115,11.513249577702702,0.0,28.65625
4848150,12.06033572635135,0.0,29.75
4858224,11.740234375,0.0,29.53125
4868374,11.970280827702702,0.0,30.09375
4878436,11.321843327702702,0.0,28.40625
4888632,10.81345016891892,0.0,27.4375
4898766,11.564083614864865,0.03125,29.375
4908984,11.575168918918918,0.0,28.625
4919021,11.661317567567567,0.0,29.4375
4929172,11.36233108108108,0.0,28.25
4939359,11.048775337837839,0.0,27.9375
4949536,12.066934121621621,0.0,29.78125
4959557,11.854835304054053,0.0,29.34375
4969719,11.700063344594593,0.0,28.96875
4979826,11.17820945945946,0.0,27.84375
4989967,11.470544763513514,0.0,29.0
5000187,11.98511402027027,0.03125,29.5625
5010251,11.83034206081081,0.0,29.40625
5020267,12.006492820945944,0.03125,29.53125
5030316,12.085831925675675,0.0,29.8125
5040381,11.08889358108108,0.0,28.375
5050521,11.97339527027027,0.03125,29.71875
5060542,11.844700168918918,0.0,29.59375
5070687,11.461359797297298,0.0,28.5
5080866,11.597445101351349,0.0,28.9375
5091013,12.073215793918918,0.03125,29.53125
5101127,12.737753378378379,0.0625,30.84375
5111132,11.36307010135135,0.0,29.125
5121150,11.874630489864863,0.0,29.78125
5131226,12.082189611486488,0.0,30.21875
5141337,11.63967483108108,0.03125,28.71875
5151458,11.504222972972972,0.03125,28.9375
5161476,11.922297297297295,0.03125,29.75
5171507,11.426836993243242,0.0,28.53125
5181679,11.18723606418919,0.0,28.0625
5191889,11.739442567567568,0.03125,29.125
5201911,11.157939189189188,0.0,27.96875
5211933,11.315508868243242,0.0,28.46875
5221939,11.592377533783782,0.0,28.65625
5231960,11.613809121621621,0.0,29.5
5242179,11.679898648648647,0.0,28.90625
5252322,11.731524493243242,0.0,29.34375
5262484,11.34813133445946,0.0,28.59375
5272680,11.210620777027026,0.0,28.6875
5282726,11.393000422297295,0.0,28.90625
5292743,11.88724662162162,0.0,29.46875
5302782,11.741817989864865,0.03125,29.4375
5312794,11.732105152027026,0.0,29.5
5322955,11.95924831081081,0.0,29.84375
5333000,11.314189189189188,0.0,28.625
5343064,11.60763302364865,0.0,28.65625
5353284,11.248205236486484,0.0,28.875
5363364,12.033783783783782,0.0,29.5
5373415,11.765625,0.0,29.6875
5383490,12.33519847972973,0.0625,30.34375
5393652,11.752903293918918,0.0,29.09375
5403694,11.787056587837837,0.03125,29.28125
5413864,11.659258868243242,0.0,29.28125
5423977,11.73511402027027,0.0,29.1875
5434018,12.057010135135133,0.0,29.6875
5444183,12.073004645270268,0.03125,29.5625
5454376,11.581872888513512,0.0,28.84375
5464580,11.386613175675674,0.0,28.6875
5474776,12.038165118243242,0.0,29.40625
5484804,11.880489864864865,0.0,29.5
5494901,11.700168918918918,0.0,29.1875
5505042,11.73485008445946,0.0,29.0625
5515133,11.623416385135133,0.0,29.03125
5525346,12.013566300675675,0.0,29.71875
5535418,12.17604518581081,0.0,30.375
5545444,11.625369510135135,0.0,28.90625
5555514,11.674619932432432,0.0,29.40625
5565528,11.557854729729728,0.0,28.90625
5575606,12.038745777027026,0.03125,30.0625
5585676,11.781144425675675,0.0,29.375
5595781,11.940983952702702,0.0,29.9375
5605811,11.22144214527027,0.0,28.5
5615858,11.1171875,0.0,28.125
5625963,12.173669763513512,0.03125,29.875
5636059,11.405405405405403,0.0,28.625
5646115,11.833086993243242,0.0,29.34375
5656265,12.104360219594593,0.03125,30.3125
5666346,11.756545608108109,0.0,29.4375
5676431,11.864759290540539,0.0,29.21875
5686431,11.77855785472973,0.0,29.28125
5696543,12.259396114864865,0.0,30.625
5706727,11.577069256756756,0.0,29.53125
5716872,11.989812077702702,0.03125,29.9375
5727070,11.84913429054054,0.0,29.0625
5737209,11.782675253378379,0.0,29.5
5747312,11.384132179054053,0.0,28.6875
5757374,11.83884079391892,0.03125,29.78125
5767559,11.877850506756754,0.0,29.96875
5777749,12.177734374999998,0.03125,30.03125
5787763,11.81862331081081,0.0,29.3125
5797829,11.714685388513512,0.0,29.65625
5807866,12.132390202702702,0.03125,30.15625
5818029,11.572107263513512,0.0,28.8125
5828240,11.926097972972972,0.0,29.4375
5838416,11.906777871621621,0.0,29.53125
5848420,11.725717905405403,0.0,29.21875
5858549,12.275285050675675,0.0,30.15625
5868587,12.101773648648647,0.0,30.125
5878773,11.958086993243242,0.03125,29.5
5888956,11.866817989864865,0.03125,29.65625
5898959,11.724556587837837,0.0,29.28125
5909034,12.768845016891891,0.03125,32.4375
5919249,11.962837837837837,0.0,30.875
5929392,11.733477618243242,0.0,29.34375
5939570,11.80104518581081,0.0,29.3125
5949658,11.988122888513512,0.0,29.75
5959706,11.531566722972972,0.0,28.84375
5969790,11.61623733108108,0.0,29.0
5979979,11.96753589527027,0.0,29.34375
5990130,11.975823479729728,0.0,30.15625
6000162,11.795977618243242,0.03125,28.8125
6010234,11.144108952702702,0.0,28.0
6020291,12.006492820945944,0.0,29.84375
6030473,11.59105785472973,0.03125,28.65625
6040571,12.070893158783782,0.0,29.90625
6050754,11.546875,0.0,29.46875
6060933,11.829022381756754,0.03125,29.78125
6071113,11.33767947635135,0.0,28.84375
6081306,11.379222972972972,0.0,28.875
6091421,11.935388513513512,0.0,29.9375
6101456,12.031883445945947,0.03125,30.5
6111475,12.214527027027025,0.0,30.5625
6121609,11.903716216216214,0.0,29.9375
6131641,11.880595439189188,0.0,30.125
6141664,11.88059543918919,0.0,30.21875
6151672,11.669341216216216,0.0,29.0
6161750,12.298722550675675,0.03125,30.25
6171949,11.906355574324323,0.0,29.34375
6182113,12.06466427364865,0.0,29.65625
6192342,12.048036317567568,0.0,30.03125
6202426,11.864125844594595,0.0,30.09375
6212523,11.778927364864865,0.0,30.3125
6222611,11.922138935810809,0.03125,29.65625
6232675,11.49825802364865,0.0,28.84375
6242784,12.012246621621621,0.0,29.9375
6252877,12.921505489864863,0.0625,31.3125
6262964,11.745671452702702,0.0,29.5625
6273171,11.884923986486486,0.0,30.15625
6283334,11.948057432432432,0.0,30.1875
6293389,11.836307010135135,0.0,30.0625
6303528,11.757390202702702,0.0,29.75
6313569,12.071843327702702,0.03125,30.28125
6323579,12.14527027027027,0.0,30.28125
6333799,11.94826858108108,0.0,29.96875
6343861,12.161264780405403,0.03125,30.9375
6353989,11.663640202702702,0.03125,29.625
6364066,11.63107052364865,0.03125,29.25
6374114,11.227037584459458,0.0,28.90625
6384196,12.689453125,0.03125,31.6875
6394215,11.722181165540539,0.0,29.28125
6404299,11.837785050675674,0.0,30.1875
6414330,12.049672719594593,0.0,30.0
6424528,12.050095016891891,0.03125,29.875
6434613,12.28220016891892,0.03125,30.40625
6444615,11.649493243243242,0.0,29.65625
6454768,12.158625422297295,0.0,30.1875
6464936,11.662637246621621,0.0,29.96875
6474962,12.309438344594593,0.03125,30.59375
6485131,11.696737753378377,0.0,29.4375
6495259,12.04787795608108,0.0625,30.03125
6505264,12.191775760135133,0.03125,29.96875
6515332,11.98194679054054,0.0,29.9375
6525478,11.612436655405403,0.0,28.96875
6535628,12.294288429054054,0.03125,30.15625
6545690,11.943570523648647,0.03125,29.90625
6555897,11.700907939189188,0.0,29.5
6566122,11.930162584459458,0.0,29.625
6576144,11.421241554054053,0.0,28.21875
6586272,12.00881545608108,0.0,30.09375
6596290,12.01319679054054,0.03125,29.75
6606356,12.074271537162163,0.0625,29.96875
6616423,11.720386402027026,0.0,29.40625
6626571,11.937499999999998,0.0,29.625
6636655,11.779191300675675,0.0,29.71875
6646755,11.603937922297295,0.0,29.5
6656852,11.772381756756756,0.03125,29.84375
6666909,12.228621199324323,0.0,30.9375
6677091,12.427839949324323,0.03125,30.5625
6687152,11.906672297297296,0.03125,30.40625
6697236,12.396484375,0.0,31.3125
6707245,12.551203547297296,0.0,31.53125
6717434,12.010187922297296,0.0,30.5625
6727636,12.127375422297296,0.0,30.9375
6737776,12.231260557432432,0.03125,31.65625
6747990,11.870407516891891,0.0,30.3125
6758015,11.519584037162161,0.0,28.9375
6768073,11.86011402027027,0.03125,29.90625
6778080,12.060758023648647,0.0,30.03125
6788154,11.755701013513512,0.0,29.8125
6798261,11.782147381756758,0.03125,29.625
6808267,11.87843116554054,0.03125,29.84375
6818306,12.393105996621621,0.0,30.5625
6828310,11.799514358108107,0.0,29.59375
6838432,12.158572635135133,0.0,30.375
6848573,12.506703969594595,0.0,30.5
6858637,12.187341638513512,0.0,30.65625
6868727,12.196315456081079,0.0,30.375
6878802,11.919130067567567,0.03125,30.0625
6888832,12.353726773648647,0.0625,30.3125
6898856,12.120090793918918,0.03125,30.375
6908867,12.556851773648647,0.0,31.40625
6918895,11.739600929054053,0.0,29.625
6928937,11.989231418918918,0.0,30.5625
6939008,12.150337837837837,0.0,30.5
6949142,12.184807854729728,0.0,29.78125
6959300,12.069520692567568,0.03125,30.0
6969508,12.836834881756754,0.0625,31.0
6979633,12.193728885135133,0.0,30.96875
6989652,12.463735219594593,0.0,31.28125
6999714,12.355838260135133,0.03125,30.96875
7009941,12.619510135135133,0.03125,31.71875
7020144,12.765572212837837,0.03125,31.4375
7030301,11.783308699324323,0.0,29.71875
7040304,12.27222339527027,0.0,30.875
7050384,12.133921030405405,0.0,30.375
7060575,11.863439611486486,0.03125,29.625
7070730,12.427839949324321,0.0,37.65625
7080767,12.08519847972973,0.0,30.125
7090850,12.037162162162161,0.03125,30.8125
7100955,11.625369510135135,0.0,29.5
7111031,12.054581925675674,0.0,30.53125
7121188,12.230838260135133,0.03125,30.75
7131409,11.442250844594597,0.0,29.0625
7141493,12.11961570945946,0.0,30.53125
7151683,12.651815878378377,0.0,31.625
7161780,12.434174408783782,0.03125,30.6875
7171903,12.085884712837839,0.03125,30.5
7182102,11.988228462837837,0.0,30.1875
7192324,12.654877533783782,0.03125,32.125
7202526,12.025971283783782,0.0,30.625
7212613,12.309649493243242,0.0,31.125
7222664,11.841163429054053,0.0,30.0
7232689,12.621779983108107,0.0625,31.78125
7242734,12.046347128378377,0.03125,30.09375
7252794,12.010926942567567,0.0,30.46875
7262894,12.319995777027026,0.03125,31.1875
7273102,11.771906672297296,0.0,29.625
7283162,11.99487964527027,0.0,30.28125
7293230,12.47730152027027,0.0,31.875
7303306,12.214263091216216,0.0,30.75
7313472,11.993507179054053,0.0,30.21875
7323655,12.340424408783782,0.03125,31.59375
7333825,12.830183699324323,0.03125,31.625
7343997,12.469383445945944,0.0,31.125
7354061,12.515308277027026,0.03125,30.84375
7364091,12.001319679054054,0.03125,29.65625
7374208,11.53832347972973,0.0,29.1875
7384241,12.32543285472973,0.0,30.53125
7394346,12.521537162162161,0.03125,31.0
7404453,12.327861064189188,0.0,31.0
7414597,11.580183699324323,0.0,29.40625
7424802,12.34665329391892,0.03125,30.84375
7434994,11.833614864864863,0.0,30.46875
7445006,12.300358952702702,0.0,30.53125
7455011,12.211570945945944,0.0,30.3125
7465141,11.59105785472973,0.0,29.40625
7475199,11.770692567567567,0.0,30.125
7485227,11.978832347972972,0.0,30.375
7495379,12.324060388513512,0.03125,30.71875
7505386,12.30933277027027,0.03125,31.5
7515602,12.948479729729728,0.09375,31.53125
7525762,12.376636402027025,0.03125,31.09375
7535852,12.664379222972972,0.03125,31.46875
7546007,12.106735641891891,0.0,30.5625
7556204,12.654666385135133,0.03125,32.4375
7566330,12.65672508445946,0.03125,31.78125
7576517,12.63650760135135,0.03125,31.625
7586639,12.279455236486484,0.0625,30.65625
7596687,12.413692989864863,0.03125,30.96875
7606811,11.960356841216214,0.0,30.28125
7616929,13.01272170608108,0.03125,32.46875
7627040,12.57495777027027,0.03125,31.03125
7637135,12.158361486486488,0.03125,30.59375
7647295,13.501953125,0.09375,33.1875
7657428,11.49197635135135,0.0,28.875
7667586,12.557010135135133,0.03125,31.46875
7677771,13.116817989864863,0.0625,32.3125
7687893,13.02834670608108,0.03125,32.125
7697933,12.79349662162162,0.0,31.65625
7708010,13.528874577702702,0.0625,32.90625
7718221,12.508709881756754,0.0,31.03125
7728333,12.689611486486484,0.0,31.8125
7738545,12.563872466216216,0.0,31.71875
7748644,12.360430743243242,0.0,30.75
7758824,12.276921452702702,0.0,31.03125
7768861,12.422297297297296,0.0,30.53125
7779087,12.548511402027025,0.03125,30.53125
7789225,12.509871199324323,0.0625,30.90625
7799331,12.542599239864865,0.09375,31.25
7809544,12.969383445945944,0.03125,32.53125
7819713,12.22313133445946,0.0,30.875
7829859,12.451013513513512,0.0,31.53125
7840049,13.172983530405405,0.0625,32.40625
7850256,12.509448902027025,0.0,31.90625
7860419,12.69995777027027,0.0625,32.0
7870563,12.171294341216214,0.03125,30.78125
7880732,13.08445945945946,0.03125,31.875
7890893,12.542440878378377,0.03125,31.03125
7901109,12.399229307432432,0.0,31.34375
7911199,12.94747677364865,0.0625,31.6875
7921238,12.277238175675674,0.0,31.21875
7931254,12.820259712837835,0.03125,32.46875
7941358,12.34939822635135,0.03125,31.6875
7951546,12.235589104729728,0.0,30.96875
7961559,12.691722972972972,0.03125,32.375
7971595,12.44314822635135,0.03125,30.9375
7981825,12.671083192567567,0.03125,31.53125
7991845,13.10304054054054,0.03125,33.15625
8002016,12.38328758445946,0.03125,31.1875
8012121,12.45560599662162,0.03125,31.5
8022355,13.00612331081081,0.0625,32.375
8032534,12.850401182432432,0.03125,32.09375
8042571,12.39453125,0.03125,31.65625
8052668,13.363492398648647,0.03125,32.96875
8062793,12.024598817567567,0.0,31.09375
8073017,12.274915540540539,0.0,31.6875
8083078,12.668760557432432,0.03125,31.71875
8093278,13.674672719594595,0.125,33.40625
8103419,12.780194256756758,0.03125,32.65625
8113512,13.094119510135133,0.03125,32.71875
8123566,11.923722550675674,0.0,31.0625
8133582,12.676203547297296,0.0625,31.78125
8143601,12.267155827702702,0.0,31.53125
8153670,12.379328547297296,0.0,31.0625
8163697,12.663798564189188,0.03125,32.03125
8173767,12.762404983108107,0.0,32.5625
8183866,12.870777027027028,0.09375,32.34375
8193873,12.504961993243242,0.03125,32.15625
8203942,12.64600929054054,0.0625,32.21875
8214124,12.703969594594593,0.09375,31.90625
8224230,11.751953125,0.0,30.5625
8234263,12.779349662162161,0.03125,31.65625
8244318,12.250475084459456,0.0,31.3125
8254458,12.244721283783782,0.0,31.21875
8264640,12.71336570945946,0.03125,32.71875
8274683,12.675834037162161,0.0,31.84375
8284702,12.916015625,0.0625,32.75
8294715,11.771114864864863,0.0,30.4375
8304891,13.050886824324325,0.03125,32.96875
8314953,13.407622466216216,0.09375,33.21875
8325064,12.64991554054054,0.0,31.96875
8335239,12.08498733108108,0.0,30.90625
8345325,13.620513091216216,0.09375,34.1875
8355336,12.711782094594593,0.0625,31.9375
8365345,13.017683699324323,0.0625,32.46875
8375588,12.60377956081081,0.0,31.96875
8385724,12.810599662162161,0.0,32.6875
8395785,12.07960304054054,0.03125,30.9375
8405926,12.374894425675674,0.0,31.65625
8416045,12.926836993243242,0.03125,32.5
8426083,11.852723817567567,0.0,31.46875
8436245,12.556323902027026,0.03125,32.5
8446457,12.822635135135135,0.03125,32.40625
8456624,12.872413429054053,0.0625,32.125
8466659,13.131070523648647,0.0625,32.09375
8476770,12.819995777027025,0.0625,32.375
8486845,12.434702280405403,0.0625,31.53125
8496903,12.348711993243242,0.0,31.90625
8506967,12.190244932432432,0.03125,30.75
8516995,12.611275337837837,0.0625,31.6875
8527062,12.377058699324323,0.0,31.71875
8537113,12.794341216216216,0.03125,31.96875
8547354,12.187605574324323,0.0,31.375
8557518,12.573585304054053,0.0,31.6875
8567548,12.955658783783782,0.03125,32.9375
8577620,12.445629222972972,0.0,32.1875
8587644,12.23020481418919,0.0,31.0
8597775,11.4453125,0.03125,29.40625
8607995,11.65968116554054,0.03125,29.875
8618093,12.507442989864863,0.0,32.1875
8628119,13.234955658783782,0.09375,32.75
8638187,12.050464527027026,0.0,31.21875
8648256,12.652660472972972,0.03125,32.0625
8658389,11.863386824324325,0.0,30.125
8668557,12.398279138513514,0.03125,31.90625
8678558,12.786475929054053,0.03125,32.15625
8688709,12.63302364864865,0.03125,32.28125
8698907,13.55954391891892,0.125,34.125
8709074,12.61349239864865,0.03125,33.09375
8719131,13.381756756756756,0.09375,33.40625
8729191,13.224556587837839,0.09375,33.5
8739300,12.166173986486488,0.03125,30.96875
8749465,13.317778716216214,0.15625,33.71875
8759582,12.328811233108109,0.03125,31.8125
8769716,12.510082347972972,0.0,32.46875
8779885,12.67504222972973,0.0625,32.53125
8789934,12.762827280405403,0.0625,31.71875
8799998,13.078652871621623,0.09375,32.78125
8810135,12.275443412162161,0.0,31.40625
8820167,12.833139780405405,0.0625,32.0625
8830233,12.42483108108108,0.0,32.03125
8840372,12.272276182432432,0.0,31.25
8850452,12.445893158783782,0.0,31.84375
8860491,12.957189611486486,0.0,32.875
8870549,11.87035472972973,0.0,30.40625
8880565,12.341955236486484,0.0,32.15625
8890748,12.511085304054053,0.03125,31.9375
8900786,12.697001689189186,0.0625,32.03125
8910982,12.195418074324323,0.03125,31.03125
8921209,13.166385135135133,0.0625,32.46875
8931430,12.558277027027026,0.0,31.5
8941659,12.582611908783782,0.0625,31.78125
8951749,12.461148648648646,0.03125,31.625
8961856,13.184332770270268,0.03125,32.875
8972097,12.612858952702702,0.03125,31.71875
8982326,12.588207347972972,0.03125,32.375
8992369,13.031830658783782,0.03125,32.84375
9002519,12.425147804054053,0.03125,31.75
9012687,12.782939189189188,0.0625,32.40625
9022927,13.303578969594593,0.03125,33.46875
9032956,12.437605574324323,0.0625,31.4375
9043119,12.981049408783782,0.0625,33.21875
9053211,12.86597339527027,0.0625,32.75
9063321,13.000527871621621,0.0625,32.6875
9073447,12.934121621621621,0.09375,33.15625
9083555,13.14891258445946,0.0625,33.0
9093605,12.786159206081079,0.03125,31.875
9103622,12.120407516891891,0.03125,31.1875
9113780,12.603410050675675,0.0625,31.78125
9123948,13.040329391891891,0.0625,32.84375
9134101,12.261032516891891,0.0625,31.1875
9144309,12.653557854729728,0.0,32.25
9154538,12.685019003378377,0.0,32.3125
9164670,11.98706714527027,0.0,30.96875
9174829,13.236275337837839,0.125,32.75
9185054,12.511296452702702,0.03125,31.53125
9195165,12.928103885135133,0.03125,33.125
9205241,13.26610008445946,0.09375,33.21875
9215303,12.901499155405403,0.0625,33.0
9225509,13.020956503378377,0.0,33.21875
9235748,13.012510557432432,0.03125,32.53125
9245921,12.776763091216214,0.0625,31.78125
9256149,12.235641891891891,0.0,31.75
9266326,12.737753378378377,0.0,32.625
9276346,12.775601773648646,0.0,31.9375
9286470,12.623733108108109,0.0625,31.84375
9296672,12.786053631756756,0.0625,32.0
9306867,12.910472972972972,0.03125,32.84375
9316871,13.346494932432432,0.0625,33.8125
9327023,12.294974662162161,0.0,31.9375
9337163,12.251530827702702,0.0,31.65625
9347355,12.35451858108108,0.03125,32.0625
9357366,12.540118243243242,0.03125,32.125
9367582,12.455817145270268,0.0,32.21875
9377777,12.027924408783782,0.03125,30.46875
9387920,12.372413429054053,0.03125,31.6875
9398043,12.164379222972972,0.0,31.375
9408295,12.941300675675675,0.03125,32.40625
9418425,13.294499577702702,0.125,33.0625
9428640,12.547086148648647,0.0,32.0625
9438830,12.517736486486486,0.0,31.28125
9448870,12.337257179054053,0.0,31.3125
9459097,12.535314611486486,0.0625,31.875
9469343,12.510821368243242,0.03125,31.59375
9479370,12.803684543918918,0.03125,32.1875
9489518,12.755753800675675,0.03125,32.15625
9499538,12.631545608108107,0.0,32.5625
9509570,12.813080658783782,0.03125,32.875
9519662,12.344594594594593,0.0,32.25
9529860,13.186127533783782,0.03125,32.78125
9539907,12.342694256756754,0.03125,32.34375
9550083,13.084301097972972,0.0,33.625
9560153,13.620196368243242,0.125,34.0
9570337,13.515625,0.0625,33.46875
9580479,12.554001266891891,0.0,32.15625
9590698,12.890202702702702,0.0,32.71875
9600914,12.33889358108108,0.0,31.84375
9610965,12.737753378378377,0.0625,32.375
9621104,13.051520270270268,0.09375,32.625
9631105,12.653029983108107,0.0625,31.84375
9641333,13.256756756756756,0.0625,33.28125
9651481,12.765097128378377,0.0,32.46875
9661529,12.721230996621621,0.0,33.0625
9671762,12.489706503378379,0.03125,31.65625
9681938,12.333614864864863,0.0,31.3125
9692097,13.11106418918919,0.0625,32.5
9702267,13.088260135135133,0.0625,32.90625
9712286,13.29782516891892,0.0625,33.375
9722469,12.61866554054054,0.03125,32.25
9732707,12.857421874999998,0.03125,32.71875
9742926,13.267314189189186,0.03125,33.34375
9753124,12.906144425675674,0.0625,32.53125
9763261,12.892261402027025,0.03125,33.0
9773307,13.033572635135133,0.03125,32.71875
9783346,12.955817145270268,0.03125,32.6875
9793592,11.72339527027027,0.0,30.6875
9803754,12.55885768581081,0.0625,32.125
9813904,12.319626266891893,0.0625,30.5
9824083,12.61428420608108,0.03125,32.84375
9834126,13.222709037162161,0.0625,33.125
9844233,12.747624577702702,0.03125,32.375
9854254,13.117293074324323,0.03125,33.6875
9864479,12.161951013513512,0.0,31.875
9874612,12.805743243243242,0.0,32.84375
9884754,12.839685388513512,0.03125,32.625
9894764,13.545291385135135,0.09375,34.34375
9904841,12.762035472972972,0.03125,33.28125
9914896,13.06936233108108,0.03125,33.15625
9924927,13.133921030405405,0.03125,33.4375
9935071,13.353937922297296,0.0625,33.84375
9945095,12.35546875,0.0,31.34375
9955329,13.551836993243244,0.0625,34.21875
9965356,13.746463260135135,0.0625,34.15625
9975533,12.932274070945944,0.03125,32.65625
9985572,12.919077280405405,0.0625,32.9375
9995646,13.085884712837837,0.03125,33.34375
10005775,12.816300675675675,0.03125,32.40625
10015800,12.81888724662162,0.0,32.96875
10025978,12.951066300675674,0.0,32.90625
10036096,13.309966216216216,0.03125,33.96875
10046119,13.17261402027027,0.0625,33.40625
10056261,12.886560388513512,0.03125,33.125
10066434,13.11085304054054,0.0625,33.875
10076640,12.758498733108109,0.03125,32.59375
10086806,12.811391469594593,0.09375,32.6875
10096961,12.041437922297296,0.0,31.21875
10107079,13.201013513513512,0.0625,33.96875
10117123,13.141522381756754,0.03125,33.40625
10127257,12.980838260135135,0.0,33.28125
10137316,13.529877533783782,0.0625,34.625
10147470,13.184121621621621,0.03125,33.75
10157616,12.231366131756754,0.03125,31.59375
10167682,13.740234375,0.15625,34.28125
10177739,12.685652449324323,0.0,32.53125
10187917,12.804054054054053,0.0,32.71875
10197989,12.749419341216214,0.03125,36.0
