step,reward,TD_Loss,Final Loss,ally_alive,enemy_alive,t_win_rate,intrinsic_1,intrinsic_2
39535,0.2389485239982605,0.020349804311990738,0.020349804311990738,1.1015625,7.9921875,1.0,0.00010384230699855834,0.0013002490159124136
40097,0.2385026216506958,0.020164551213383675,0.020164551213383675,1.1484375,8.0,1.0,0.00010384704364696518,0.0013342212187126279
74024,0.24034221470355988,0.008139582350850105,0.008139582350850105,1.078125,7.984375,1.0,0.00010831793770194054,0.0013196368236094713
76086,0.23944967985153198,0.007858569733798504,0.007858569733798504,1.0859375,8.0,1.0,0.00010411665425635874,0.001267656683921814
95149,0.24173766374588013,0.006939155049622059,0.006939155049622059,1.1171875,8.0,1.0,0.00010805282363435254,0.001307292957790196
112826,0.2427721619606018,0.006743380334228277,0.006743380334228277,1.109375,8.0,1.0,0.00011075603106291965,0.0013600720558315516
124288,0.24473856389522552,0.006763695739209652,0.006763695739209652,1.125,7.9765625,1.0,0.00011120783892692998,0.0012875378597527742
130050,0.24319371581077576,0.007146928459405899,0.007146928459405899,1.1015625,7.9765625,1.0,0.00011338261538185179,0.0012989117531105876
136176,0.24114082753658295,0.007114143576472998,0.007114143576472998,1.078125,7.984375,1.0,0.00011179063585586846,0.0013457117602229118
143579,0.25080904364585876,0.006841088645160198,0.006841088645160198,1.15625,7.96875,1.0,0.00011951255146414042,0.0014424804830923676
147340,0.24651120603084564,0.006691733840852976,0.006691733840852976,1.0859375,7.984375,1.0,0.00011606365296756849,0.0013203744310885668
149786,0.24959155917167664,0.00721701979637146,0.00721701979637146,1.1796875,7.9765625,1.0,0.00011802514927694574,0.0014067214215174317
228486,0.2604178488254547,0.006849426776170731,0.006849426776170731,1.09375,7.7734375,1.0,0.0001493611780460924,0.0017105155857279897
244196,0.2611110210418701,0.006973887328058481,0.006973887328058481,1.1171875,7.6953125,1.0,0.0001519916986580938,0.0016609970480203629
244757,0.26241809129714966,0.007585904095321894,0.007585904095321894,1.09375,7.7265625,1.0,0.0001574520574649796,0.0017297753365710378
253239,0.2659074664115906,0.006942284293472767,0.006942284293472767,1.1015625,7.6796875,1.0,0.00016258344112429768,0.0017884379485622048
290083,0.2715267539024353,0.006307933479547501,0.006307933479547501,1.078125,7.5390625,1.0,0.00017333621508441865,0.0018981762696057558
300677,0.2775953412055969,0.0064353421330451965,0.0064353421330451965,1.109375,7.4375,1.0,0.00018278771312907338,0.001951861660927534
352677,0.29308849573135376,0.006600066088140011,0.006600066088140011,1.09375,7.3359375,1.0,0.00021259443019516766,0.002234618877992034
355642,0.2907487154006958,0.006407350767403841,0.006407350767403841,1.0859375,7.3515625,1.0,0.00021560373716056347,0.002255410887300968
359299,0.2941042184829712,0.005561837926506996,0.005561837926506996,1.171875,7.4296875,1.0,0.0002099189005093649,0.002280367771163583
371440,0.29310962557792664,0.006129302084445953,0.006129302084445953,1.1015625,7.4609375,1.0,0.00020980458066333085,0.002336671343073249
409593,0.30487674474716187,0.00572132458910346,0.00572132458910346,1.09375,7.0625,1.0,0.00022808683570474386,0.00244195107370615
435343,0.31324872374534607,0.005622260272502899,0.005622260272502899,1.109375,7.234375,1.0,0.0002371674490859732,0.0024563665501773357
512496,0.3306492865085602,0.006016982719302177,0.006016982719302177,1.09375,6.8671875,1.0,0.00025855223066173494,0.0026135945226997137
513249,0.33342263102531433,0.006500395946204662,0.006500395946204662,1.09375,6.7734375,1.0,0.0002596256381366402,0.0026182078290730715
547143,0.34113696217536926,0.005818982142955065,0.005818982142955065,1.09375,6.6875,1.0,0.00026707330835051835,0.002757301088422537
550092,0.342977911233902,0.005601246375590563,0.005601246375590563,1.125,6.7421875,1.0,0.00027079309802502394,0.00267861969769001
552691,0.34355244040489197,0.005876204464584589,0.005876204464584589,1.078125,6.7109375,1.0,0.0002697453019209206,0.0027080094441771507
622454,0.3570408523082733,0.0072245849296450615,0.0072245849296450615,1.0625,6.546875,1.0,0.0002781939401756972,0.0027785974089056253
630537,0.35515859723091125,0.006590614560991526,0.006590614560991526,1.1015625,6.453125,1.0,0.0002777035697363317,0.0027565909549593925
641405,0.3567672669887543,0.006329258903861046,0.006329258903861046,1.109375,6.71875,1.0,0.000275057420367375,0.0026982277631759644
654225,0.3580961525440216,0.007118222303688526,0.007118222303688526,1.125,6.6875,1.0,0.00027033008518628776,0.00267910142429173
659170,0.3581956624984741,0.007090706378221512,0.007090706378221512,1.1015625,6.59375,1.0,0.0002713103895075619,0.0027006426826119423
666763,0.3594002425670624,0.007223576307296753,0.007223576307296753,1.078125,6.640625,1.0,0.0002678807941265404,0.0026826283428817987
711123,0.3636310398578644,0.007993881590664387,0.007993881590664387,1.125,6.7578125,1.0,0.0002541602880228311,0.002680263016372919
759239,0.36883988976478577,0.00840312521904707,0.00840312521904707,1.1015625,6.90625,1.0,0.00024072038650047034,0.002593457931652665
776794,0.37163013219833374,0.012059036642313004,0.012059036642313004,1.140625,6.7890625,1.0,0.00024622384808026254,0.002618527039885521
782732,0.3743470013141632,0.015692561864852905,0.015692561864852905,1.15625,6.859375,1.0,0.00024331860186066478,0.002647422719746828
816995,0.3774726986885071,0.010662567801773548,0.010662567801773548,1.0859375,6.8046875,1.0,0.0002476650115568191,0.002682495629414916
827209,0.3807260990142822,0.00916021503508091,0.00916021503508091,1.1640625,6.921875,1.0,0.0002519177505746484,0.0026968338061124086
842696,0.3764028549194336,0.015239856205880642,0.015239856205880642,1.1484375,6.828125,1.0,0.0002445197897031903,0.0026774804573506117
856691,0.37526434659957886,0.01169904787093401,0.01169904787093401,1.1875,6.8203125,1.0,0.00023993804643396288,0.0026280339807271957
862521,0.3781192898750305,0.012791774235665798,0.012791774235665798,1.1875,6.7890625,1.0,0.0002452614135108888,0.0026287862565368414
865526,0.3805996775627136,0.011025031097233295,0.011025031097233295,1.1640625,6.84375,1.0,0.0002443742996547371,0.00268802628852427
870025,0.38101083040237427,0.011158926412463188,0.011158926412463188,1.15625,6.8671875,1.0,0.00024701314396224916,0.002699869917705655
883732,0.3783266246318817,0.010585160925984383,0.010585160925984383,1.109375,6.890625,1.0,0.0002387463755439967,0.002592915203422308
887124,0.38262203335762024,0.011121255345642567,0.011121255345642567,1.1171875,6.8671875,1.0,0.00024400233814958483,0.002714002039283514
914952,0.37999776005744934,0.01235844474285841,0.01235844474285841,1.109375,6.8203125,1.0,0.0002461585681885481,0.0026659814175218344
915529,0.38319143652915955,0.012231023982167244,0.012231023982167244,1.171875,6.9609375,1.0,0.00024433055659756064,0.002660621190443635
940283,0.3795159161090851,0.011867256835103035,0.011867256835103035,1.125,6.8359375,1.0,0.00024027307517826557,0.002646462060511112
946839,0.3772212266921997,0.0121531393378973,0.0121531393378973,1.109375,6.78125,1.0,0.00024332260363735259,0.002612045966088772
959633,0.3800557553768158,0.011017725802958012,0.011017725802958012,1.1875,6.859375,1.0,0.000243509333813563,0.0026533908676356077
963092,0.37895822525024414,0.010926264338195324,0.010926264338195324,1.15625,6.7578125,1.0,0.0002464328135829419,0.0026253010146319866
963477,0.3821731507778168,0.012175582349300385,0.012175582349300385,1.203125,6.734375,1.0,0.00024945061886683106,0.002686789957806468
997779,0.3764552175998688,0.011481712572276592,0.011481712572276592,1.15625,6.8046875,1.0,0.0002446779399178922,0.002645746571943164
1010093,0.38069015741348267,0.011305143125355244,0.011305143125355244,1.1171875,6.7734375,1.0,0.0002503024588804692,0.0026168108452111483
1012201,0.3800343871116638,0.011607123538851738,0.011607123538851738,1.140625,6.890625,1.0,0.00024387995654251426,0.0026349066756665707
1034656,0.38253873586654663,0.011057989671826363,0.011057989671826363,1.1328125,6.84375,1.0,0.00024460151325911283,0.002656205091625452
1053644,0.3844456076622009,0.011769085191190243,0.011769085191190243,1.15625,6.984375,1.0,0.00024765884154476225,0.0026380817871540785
1068027,0.3801414370536804,0.011669897474348545,0.011669897474348545,1.140625,6.8984375,1.0,0.00024182624474633485,0.0025936593301594257
1070667,0.3822823762893677,0.01612207293510437,0.01612207293510437,1.1328125,6.8515625,1.0,0.0002464742283336818,0.0026657588314265013
1104124,0.3824928402900696,0.013487417250871658,0.013487417250871658,1.1796875,6.9140625,1.0,0.00024233662406913936,0.0026386906392872334
1111690,0.3844365179538727,0.012387299910187721,0.012387299910187721,1.171875,6.8359375,1.0,0.0002400374214630574,0.0026063343975692987
1145346,0.3826095461845398,0.014081241562962532,0.014081241562962532,1.1484375,6.9453125,1.0,0.0002394907787675038,0.002597390441223979
1180802,0.3824789226055145,0.013852954842150211,0.013852954842150211,1.1640625,6.890625,1.0,0.00023763869830872864,0.002626976929605007
1226998,0.38421395421028137,0.015402765944600105,0.015402765944600105,1.1875,6.8671875,1.0,0.0002422516408842057,0.0025787053164094687
1248794,0.38492605090141296,0.015430022031068802,0.015430022031068802,1.1796875,6.8671875,1.0,0.0002458771923556924,0.002644646679982543
1278300,0.37965303659439087,0.014387045986950397,0.014387045986950397,1.109375,6.8515625,1.0,0.00024288819986395538,0.002560377586632967
1303147,0.38342195749282837,0.015300300903618336,0.015300300903618336,1.1640625,6.84375,1.0,0.00024731658049859107,0.0026762268971651793
1312231,0.384261816740036,0.015605616383254528,0.015605616383254528,1.1640625,6.8671875,1.0,0.00024683831725269556,0.0026288675144314766
1341220,0.3844754993915558,0.013574077747762203,0.013574077747762203,1.1953125,6.8359375,1.0,0.0002463370328769088,0.0026307168882340193
1345132,0.38175296783447266,0.016058431938290596,0.016058431938290596,1.1796875,6.84375,1.0,0.00024337448121514171,0.002656816504895687
1361318,0.38285091519355774,0.015391591936349869,0.015391591936349869,1.203125,6.8984375,1.0,0.00024105867487378418,0.0026184741873294115
1365614,0.37971729040145874,0.01553133875131607,0.01553133875131607,1.125,6.8125,1.0,0.00024538085563108325,0.002629941562190652
1426741,0.3843652904033661,0.01572016254067421,0.01572016254067421,1.1796875,6.8515625,1.0,0.0002441630349494517,0.002656671917065978
1434727,0.38304898142814636,0.016126694157719612,0.016126694157719612,1.1796875,6.8125,1.0,0.0002442138793412596,0.002611765870824456
1447715,0.3808344006538391,0.020746391266584396,0.020746391266584396,1.1484375,6.8046875,1.0,0.0002455427893437445,0.002594049321487546
1463646,0.3827151656150818,0.016191033646464348,0.016191033646464348,1.15625,6.8203125,1.0,0.0002503781870473176,0.002598266350105405
1466197,0.384851336479187,0.016471050679683685,0.016471050679683685,1.203125,6.8203125,1.0,0.0002510457707103342,0.0026504851412028074
1472055,0.3807947039604187,0.017514385282993317,0.017514385282993317,1.1328125,6.8046875,1.0,0.0002488776808604598,0.0026301543693989515
1490423,0.3856690526008606,0.016538778319954872,0.016538778319954872,1.1328125,6.7734375,1.0,0.00024954607943072915,0.002643157495185733
1516550,0.3858546316623688,0.017912881448864937,0.017912881448864937,1.1640625,6.8671875,1.0,0.00025180663214996457,0.002682895865291357
1522406,0.3833724558353424,0.01798948645591736,0.01798948645591736,1.1875,6.7890625,1.0,0.00024618738098070025,0.0026808977127075195
1544370,0.38100534677505493,0.01602502167224884,0.01602502167224884,1.15625,6.7421875,1.0,0.0002454397326800972,0.0026446112897247076
1603417,0.3814653158187866,0.017109308391809464,0.017109308391809464,1.1640625,6.8125,1.0,0.0002526850439608097,0.0026761849876493216
1629987,0.3833754360675812,0.01675799861550331,0.01675799861550331,1.1796875,6.7734375,1.0,0.00025150421424768865,0.0026714024133980274
1671442,0.3865586519241333,0.018079735338687897,0.018079735338687897,1.25,6.734375,1.0,0.00025164344697259367,0.0026867405977100134
1679512,0.38359683752059937,0.02106885239481926,0.02106885239481926,1.1953125,6.7421875,1.0,0.00025515398010611534,0.0027425859589129686
1689879,0.3844875693321228,0.01589110866189003,0.01589110866189003,1.1796875,6.7265625,1.0,0.0002559284621383995,0.0027027411852031946
1698375,0.3835633099079132,0.015749281272292137,0.015749281272292137,1.1796875,6.7421875,1.0,0.00025883299531415105,0.002709822030737996
1710586,0.38369789719581604,0.018645653501152992,0.018645653501152992,1.140625,6.7265625,1.0,0.00025255754007957876,0.002711090724915266
1715880,0.38157203793525696,0.015009801834821701,0.015009801834821701,1.1328125,6.828125,1.0,0.0002515680971555412,0.002643411746248603
1720677,0.38339874148368835,0.015534469857811928,0.015534469857811928,1.15625,6.7109375,1.0,0.00025594187900424004,0.002688200678676367
1755826,0.3839060664176941,0.016356831416487694,0.016356831416487694,1.1796875,6.8046875,1.0,0.000256432598689571,0.0027159343007951975
1792679,0.3834572434425354,0.01693345606327057,0.01693345606327057,1.15625,6.8203125,1.0,0.0002530329511500895,0.002666088752448559
1840010,0.3812773525714874,0.016852855682373047,0.016852855682373047,1.1171875,6.7734375,1.0,0.00025167001876980066,0.0026892961468547583
1853978,0.38784611225128174,0.016426457092165947,0.016426457092165947,1.2109375,6.78125,1.0,0.0002568971540313214,0.002752124797552824
1889445,0.38586437702178955,0.016464391723275185,0.016464391723275185,1.1640625,6.7578125,1.0,0.00025638556689955294,0.0026963420677930117
1902607,0.38418036699295044,0.015370413661003113,0.015370413661003113,1.15625,6.7890625,1.0,0.00025606786948628724,0.0026810329873114824
1974718,0.38439151644706726,0.017619550228118896,0.017619550228118896,1.171875,6.7734375,1.0,0.00025889661628752947,0.002735371934249997
1975899,0.38369515538215637,0.01913423091173172,0.01913423091173172,1.09375,6.75,1.0,0.0002601132437121123,0.002720418618991971
1997034,0.3864336907863617,0.01638653315603733,0.01638653315603733,1.140625,6.7265625,1.0,0.0002576223632786423,0.002764130011200905
2001858,0.38285425305366516,0.016723891720175743,0.016723891720175743,1.140625,6.7734375,1.0,0.00025609941803850234,0.0026435863692313433
2008782,0.3912777602672577,0.019651293754577637,0.019651293754577637,1.1953125,6.703125,1.0,0.0002683461643755436,0.0028631086461246014
2074684,0.385453999042511,0.016212308779358864,0.016212308779358864,1.1953125,6.7734375,1.0,0.0002565023605711758,0.002709663938730955
2087846,0.38466334342956543,0.017209084704518318,0.017209084704518318,1.21875,6.6796875,1.0,0.0002619377337396145,0.0026998771354556084
2091061,0.3856472969055176,0.01710011251270771,0.01710011251270771,1.1875,6.75,1.0,0.00025704456493258476,0.0026644610334187746
2099798,0.38418838381767273,0.016619114205241203,0.016619114205241203,1.140625,6.7578125,1.0,0.00025717890821397305,0.002685708226636052
2117994,0.38784584403038025,0.017249668017029762,0.017249668017029762,1.1484375,6.734375,1.0,0.00026354609872214496,0.00273383897729218
2155404,0.3870742619037628,0.017573067918419838,0.017573067918419838,1.1484375,6.640625,1.0,0.00026379950577393174,0.002769576385617256
2159426,0.38637468218803406,0.017947988584637642,0.017947988584637642,1.1875,6.6640625,1.0,0.0002595747064333409,0.002708929590880871
2200487,0.38387975096702576,0.01950715109705925,0.01950715109705925,1.125,6.7109375,1.0,0.000260823464486748,0.002724256832152605
2220539,0.3847084939479828,0.023803377524018288,0.023803377524018288,1.140625,6.65625,1.0,0.0002638588775880635,0.0027078548446297646
2248924,0.38507547974586487,0.019525565207004547,0.019525565207004547,1.171875,6.75,1.0,0.0002630006056278944,0.002691620960831642
2280852,0.3823109567165375,0.018995266407728195,0.018995266407728195,1.1484375,6.7578125,1.0,0.0002595516561996192,0.0027019481640309095
2287457,0.38493117690086365,0.022053204476833344,0.022053204476833344,1.2265625,6.6640625,1.0,0.00025991396978497505,0.0027379565872251987
2315391,0.37975969910621643,0.01813090220093727,0.01813090220093727,1.1171875,6.7421875,1.0,0.00025532496511004865,0.0026741717010736465
2323704,0.38481900095939636,0.018872112035751343,0.018872112035751343,1.15625,6.6953125,1.0,0.0002619171282276511,0.0027203320059925318
2343983,0.38738927245140076,0.020045360550284386,0.020045360550284386,1.171875,6.6015625,1.0,0.0002603735774755478,0.0027367204893380404
2356973,0.3892391622066498,0.020687777549028397,0.020687777549028397,1.140625,6.6875,1.0,0.00026806537061929703,0.0027698390185832977
2357176,0.3827628493309021,0.02000337466597557,0.02000337466597557,1.2109375,6.71875,1.0,0.0002624251355882734,0.0026895152404904366
2370202,0.38424625992774963,0.020502997562289238,0.020502997562289238,1.1796875,6.7578125,1.0,0.0002600783191155642,0.002705926541239023
2374270,0.3841591775417328,0.01896677166223526,0.01896677166223526,1.140625,6.6875,1.0,0.00026595371309667826,0.002729314612224698
2386227,0.3839800953865051,0.018648765981197357,0.018648765981197357,1.1328125,6.7109375,1.0,0.0002638871083036065,0.0027828237507492304
2389214,0.3815196752548218,0.018068231642246246,0.018068231642246246,1.1796875,6.6796875,1.0,0.0002550972858443856,0.002687046304345131
2389426,0.3857596218585968,0.019019246101379395,0.019019246101379395,1.2265625,6.7109375,1.0,0.00026308398810215294,0.0027736013289541006
2397367,0.38770225644111633,0.017143182456493378,0.017143182456493378,1.1640625,6.703125,1.0,0.00026434814208187163,0.002725984202697873
2415750,0.3836931884288788,0.01821967028081417,0.01821967028081417,1.2109375,6.6640625,1.0,0.0002583154127933085,0.0026841426733881235
2439469,0.38744017481803894,0.018207203596830368,0.018207203596830368,1.1640625,6.734375,1.0,0.00026079005328938365,0.0027471338398754597
2448412,0.3868981897830963,0.018069589510560036,0.018069589510560036,1.109375,6.7421875,1.0,0.00026335526490584016,0.0027120092418044806
2455584,0.3893108665943146,0.019337918609380722,0.019337918609380722,1.1796875,6.671875,1.0,0.00026219472056254745,0.002767516067251563
2458863,0.3850587010383606,0.021027840673923492,0.021027840673923492,1.1484375,6.8125,1.0,0.00025724791339598596,0.0026953129563480616
2474996,0.3834797739982605,0.020071806386113167,0.020071806386113167,1.1640625,6.7578125,1.0,0.000256026309216395,0.0026992817874997854
2484400,0.3896154761314392,0.020564431324601173,0.020564431324601173,1.1171875,6.6640625,1.0,0.00026177673134952784,0.0027701063081622124
2503153,0.38585537672042847,0.024701809510588646,0.024701809510588646,1.1875,6.7890625,1.0,0.00025859358720481396,0.0026936279609799385
2573663,0.3839883804321289,0.02157798781991005,0.02157798781991005,1.203125,6.734375,1.0,0.0002599899307824671,0.0026832204312086105
2586666,0.391035795211792,0.022903522476553917,0.022903522476553917,1.203125,6.65625,1.0,0.00026844479725696146,0.0027286934200674295
2640490,0.3870266377925873,0.021526260301470757,0.021526260301470757,1.140625,6.7109375,1.0,0.00026541086845099926,0.0027740004006773233
2704491,0.38372451066970825,0.0222025029361248,0.0222025029361248,1.140625,6.7265625,1.0,0.0002638680743984878,0.002716289833188057
2712865,0.3901141285896301,0.02203725278377533,0.02203725278377533,1.1953125,6.7421875,1.0,0.00026910219457931817,0.0027484537567943335
2715709,0.38585102558135986,0.021060677245259285,0.021060677245259285,1.15625,6.6328125,1.0,0.00026211817748844624,0.0027228554245084524
2726017,0.3861837387084961,0.02028830349445343,0.02028830349445343,1.203125,6.7578125,1.0,0.0002612534153740853,0.002718873554840684
2772698,0.3885742723941803,0.020518964156508446,0.020518964156508446,1.1640625,6.6484375,1.0,0.000264061993220821,0.002737689996138215
2845768,0.3889748156070709,0.022657223045825958,0.022657223045825958,1.1484375,6.6875,1.0,0.0002640988095663488,0.0027676881290972233
2894473,0.3849152624607086,0.02177150920033455,0.02177150920033455,1.140625,6.6796875,1.0,0.00026254612021148205,0.0027284552343189716
2909337,0.38703709840774536,0.02505936473608017,0.02505936473608017,1.203125,6.734375,1.0,0.0002612261159811169,0.00270731165073812
2916005,0.3847711682319641,0.02403559908270836,0.02403559908270836,1.171875,6.71875,1.0,0.00026630546199157834,0.002663644729182124
2938416,0.3874686360359192,0.02203455939888954,0.02203455939888954,1.15625,6.78125,1.0,0.00026615249225869775,0.002694882219657302
2945986,0.38613566756248474,0.020533043891191483,0.020533043891191483,1.140625,6.7890625,1.0,0.00026283672195859253,0.002709635067731142
2971209,0.3916527330875397,0.02336757257580757,0.02336757257580757,1.203125,6.625,1.0,0.00026900594821199775,0.0028208119329065084
3051265,0.3918938934803009,0.02190517634153366,0.02190517634153366,1.2109375,6.7265625,1.0,0.00027021567802876234,0.0027879306580871344
3055863,0.38646164536476135,0.019279800355434418,0.019279800355434418,1.15625,6.7109375,1.0,0.000265311828115955,0.0027180754113942385
3110737,0.3845299482345581,0.02077965810894966,0.02077965810894966,1.21875,6.71875,1.0,0.000261024251813069,0.0027474421076476574
3149628,0.3910580575466156,0.019708529114723206,0.019708529114723206,1.125,6.6953125,1.0,0.0002675754076335579,0.0027203604113310575
3218184,0.3905724287033081,0.02363978512585163,0.02363978512585163,1.1796875,6.734375,1.0,0.0002661541220732033,0.002732801018282771
3238052,0.3881252110004425,0.022181808948516846,0.022181808948516846,1.1328125,6.75,1.0,0.00026375657762400806,0.0027598082087934017
3283552,0.39223214983940125,0.022129738703370094,0.022129738703370094,1.21875,6.7265625,1.0,0.0002647406072355807,0.0027678520418703556
3302228,0.38763824105262756,0.02060861885547638,0.02060861885547638,1.1484375,6.703125,1.0,0.0002608875511214137,0.0027680778875947
3330462,0.38902732729911804,0.021133754402399063,0.021133754402399063,1.1875,6.6328125,1.0,0.0002641867322381586,0.0027668969705700874
3396647,0.39220404624938965,0.021690282970666885,0.021690282970666885,1.171875,6.640625,1.0,0.000267958763288334,0.002797009190544486
3423263,0.39038100838661194,0.026204822584986687,0.026204822584986687,1.2109375,6.75,1.0,0.0002671815745998174,0.002760030794888735
3439284,0.38557928800582886,0.02231033705174923,0.02231033705174923,1.1640625,6.671875,1.0,0.00026359493494965136,0.002707695122808218
3459319,0.38805410265922546,0.031498853117227554,0.031498853117227554,1.1953125,6.6875,1.0,0.00026848941342905164,0.002734874375164509
3476322,0.39107173681259155,0.04139169678092003,0.04139169678092003,1.2734375,6.6484375,1.0,0.00027322990354150534,0.002800869522616267
3504813,0.3862190246582031,0.02431303821504116,0.02431303821504116,1.1328125,6.7421875,1.0,0.000264335802057758,0.0026790588162839413
3511566,0.3863322138786316,0.024730326607823372,0.024730326607823372,1.171875,6.6953125,1.0,0.00026816761237569153,0.002720109187066555
3518164,0.3887958824634552,0.024227609857916832,0.024227609857916832,1.1328125,6.6171875,1.0,0.0002699425967875868,0.002786287572234869
3553305,0.3880731761455536,0.025054050609469414,0.025054050609469414,1.1484375,6.671875,1.0,0.0002679318131413311,0.0027605434879660606
3554146,0.39143261313438416,0.024408305063843727,0.024408305063843727,1.125,6.65625,1.0,0.0002668778761290014,0.002802367089316249
3574558,0.39290064573287964,0.02509768307209015,0.02509768307209015,1.203125,6.6171875,1.0,0.0002757757029030472,0.0028197262436151505
3585394,0.38660678267478943,0.025539612397551537,0.025539612397551537,1.2265625,6.703125,1.0,0.0002613370888866484,0.0027331269811838865
3688690,0.391789048910141,0.024381594732403755,0.024381594732403755,1.265625,6.59375,1.0,0.0002708969986997545,0.002763566328212619
3689118,0.39047980308532715,0.02588435262441635,0.02588435262441635,1.15625,6.515625,1.0,0.0002716445305850357,0.002784252632409334
3694013,0.3880724608898163,0.024766338989138603,0.024766338989138603,1.1953125,6.6796875,1.0,0.000267746887402609,0.0027271066792309284
3718824,0.38809046149253845,0.025136886164546013,0.025136886164546013,1.1875,6.71875,1.0,0.0002709580585360527,0.002770734252408147
3759252,0.3884527385234833,0.02488139271736145,0.02488139271736145,1.203125,6.6484375,1.0,0.00027228888939134777,0.0026846686378121376
3763514,0.38736867904663086,0.022412938997149467,0.022412938997149467,1.1484375,6.609375,1.0,0.0002704502549022436,0.0027338038198649883
3806050,0.3850080668926239,0.02176741138100624,0.02176741138100624,1.078125,6.671875,1.0,0.0002641810569912195,0.002696751384064555
3808858,0.38610413670539856,0.021802403032779694,0.021802403032779694,1.1953125,6.7109375,1.0,0.0002679473254829645,0.0026756180450320244
3814459,0.3808955252170563,0.023602543398737907,0.023602543398737907,1.09375,6.7265625,1.0,0.0002630096860229969,0.0026482674293220043
3824136,0.38944870233535767,0.021045468747615814,0.021045468747615814,1.15625,6.578125,1.0,0.00027177666197530925,0.0027640643529593945
3841336,0.38761433959007263,0.020713267847895622,0.020713267847895622,1.1640625,6.640625,1.0,0.00026628957130014896,0.002681938698515296
3847788,0.38857659697532654,0.02270018868148327,0.02270018868148327,1.1953125,6.78125,1.0,0.0002694294089451432,0.002765920478850603
3848428,0.3863435387611389,0.023747950792312622,0.023747950792312622,1.125,6.6171875,1.0,0.00026887288549914956,0.002702993107959628
3873388,0.3895139694213867,0.03412667661905289,0.03412667661905289,1.1875,6.546875,0.9921875,0.0002667112275958061,0.002752414671704173
3879834,0.3888290822505951,0.019407397136092186,0.019407397136092186,1.1953125,6.6875,1.0,0.0002706573286559433,0.0027293232269585133
3898670,0.3886176645755768,0.022673869505524635,0.022673869505524635,1.15625,6.71875,1.0,0.0002729418338276446,0.0027761016972362995
3931945,0.39276885986328125,0.02355445921421051,0.02355445921421051,1.265625,6.53125,1.0,0.0002798076602630317,0.0028419112786650658
3932160,0.3875088095664978,0.022140057757496834,0.022140057757496834,1.15625,6.6171875,1.0,0.00026803460787050426,0.002733128610998392
3961094,0.3907066881656647,0.023163694888353348,0.023163694888353348,1.1875,6.6328125,1.0,0.00027029370539821684,0.0028334613889455795
4040849,0.3871604800224304,0.02636873722076416,0.02636873722076416,1.1640625,6.5546875,1.0,0.00027173597482033074,0.0027962042950093746
4045794,0.3800720274448395,0.02633858658373356,0.02633858658373356,1.1328125,6.6796875,1.0,0.00025855409330688417,0.002629701280966401
4063274,0.3888278901576996,0.024694450199604034,0.024694450199604034,1.2421875,6.671875,1.0,0.0002719394105952233,0.0027170060202479362
4072778,0.39035564661026,0.02561214379966259,0.02561214379966259,1.1171875,6.5078125,1.0,0.0002733505389187485,0.002777239540591836
4117477,0.38852474093437195,0.023637695237994194,0.023637695237994194,1.1640625,6.6640625,1.0,0.00027134481933899224,0.002790421014651656
4130925,0.3851761817932129,0.024275608360767365,0.024275608360767365,1.171875,6.6640625,1.0,0.00026821118080988526,0.0027406762819737196
4186019,0.3829248249530792,0.02497236803174019,0.02497236803174019,1.171875,6.6640625,1.0,0.00026878222706727684,0.0027357577346265316
4262483,0.38539227843284607,0.028484323993325233,0.028484323993325233,1.1640625,6.6328125,1.0,0.0002691464906092733,0.002743585966527462
4264423,0.3872216045856476,0.03313875198364258,0.03313875198364258,1.1640625,6.7265625,1.0,0.00026965123834088445,0.0027096664998680353
4269831,0.38909855484962463,0.025726081803441048,0.025726081803441048,1.1328125,6.609375,1.0,0.0002721622586250305,0.002794732805341482
4271165,0.3826994299888611,0.025645526126027107,0.025645526126027107,1.1484375,6.75,1.0,0.00026703483308665454,0.0026293687988072634
4286924,0.38427358865737915,0.02447790652513504,0.02447790652513504,1.171875,6.65625,1.0,0.0002705430961214006,0.0026856381446123123
4317666,0.3875024914741516,0.025024067610502243,0.025024067610502243,1.171875,6.65625,1.0,0.0002714506699703634,0.0027310133446007967
4324805,0.3897864520549774,0.02591184712946415,0.02591184712946415,1.203125,6.5859375,1.0,0.00027227072860114276,0.0028436898719519377
4345750,0.38621923327445984,0.026799479499459267,0.026799479499459267,1.15625,6.6328125,1.0,0.00026757840532809496,0.0027351754251867533
4346629,0.38918888568878174,0.02837323769927025,0.02837323769927025,1.09375,6.46875,1.0,0.0002716131857596338,0.0027929572388529778
4431552,0.3866961896419525,0.029399394989013672,0.029399394989013672,1.09375,6.6171875,1.0,0.00027076047263108194,0.0027145608328282833
4432842,0.38865941762924194,0.027961328625679016,0.027961328625679016,1.1875,6.4765625,1.0,0.0002686487860046327,0.002773542422801256
4434162,0.3863535523414612,0.03018913045525551,0.03018913045525551,1.1171875,6.6484375,1.0,0.0002707600360736251,0.0027275688480585814
4439637,0.38559386134147644,0.029768334701657295,0.029768334701657295,1.1328125,6.6171875,1.0,0.0002684870269149542,0.0027426271699368954
4446435,0.3822029232978821,0.02714885026216507,0.02714885026216507,1.09375,6.5625,1.0,0.00026475146296434104,0.002691464265808463
4490306,0.3859346807003021,0.02657727338373661,0.02657727338373661,1.1640625,6.5859375,1.0,0.00026924762642011046,0.002725097816437483
4505042,0.3920709192752838,0.028122171759605408,0.028122171759605408,1.1953125,6.4765625,1.0,0.0002718844043556601,0.0028199555817991495
4540424,0.3847072124481201,0.026105539873242378,0.026105539873242378,1.1328125,6.671875,1.0,0.000264061993220821,0.0027479170821607113
4577328,0.3846367299556732,0.024640146642923355,0.024640146642923355,1.125,6.6484375,1.0,0.00026441103545948863,0.002683094935491681
4578439,0.38816550374031067,0.025014998391270638,0.025014998391270638,1.1328125,6.5859375,1.0,0.0002677364682313055,0.0027505543548613787
4578652,0.388705313205719,0.024985818192362785,0.024985818192362785,1.171875,6.4765625,1.0,0.00027132563991472125,0.0027410818729549646
4621902,0.38697364926338196,0.025744467973709106,0.025744467973709106,1.1640625,6.640625,1.0,0.0002664114872459322,0.0027221820782870054
4625648,0.3830260932445526,0.024845082312822342,0.024845082312822342,1.1875,6.640625,1.0,0.0002621440216898918,0.0026610386557877064
4639736,0.3853694796562195,0.02320731431245804,0.02320731431245804,1.15625,6.6015625,1.0,0.00026600342243909836,0.002744614379480481
4654225,0.3878863751888275,0.0246929582208395,0.0246929582208395,1.1640625,6.453125,1.0,0.000269931711954996,0.0027563238982111216
4698870,0.3906400799751282,0.025741606950759888,0.025741606950759888,1.109375,6.515625,1.0,0.000270687451120466,0.002848539035767317
4725356,0.38980579376220703,0.028258707374334335,0.028258707374334335,1.2265625,6.484375,1.0,0.0002709064574446529,0.0027820272371172905
4726699,0.3848438262939453,0.029761049896478653,0.029761049896478653,1.078125,6.6015625,1.0,0.00026392616564407945,0.0027018324472010136
4755609,0.38676416873931885,0.026072267442941666,0.026072267442941666,1.1875,6.59375,1.0,0.0002676515723578632,0.0027528591454029083
4783274,0.38351982831954956,0.02696167305111885,0.02696167305111885,1.1875,6.6640625,1.0,0.0002623456239234656,0.002714566420763731
4846189,0.38814452290534973,0.026174917817115784,0.026174917817115784,1.2109375,6.71875,1.0,0.00026744429487735033,0.0027248812839388847
4854746,0.38517436385154724,0.025486232712864876,0.025486232712864876,1.1640625,6.65625,1.0,0.00026684830663725734,0.0027320380322635174
4868819,0.3876846134662628,0.02578490972518921,0.02578490972518921,1.15625,6.5,1.0,0.00026776365120895207,0.0027432511560618877
4871669,0.3882841467857361,0.026068618521094322,0.026068618521094322,1.1640625,6.5625,1.0,0.00027069757925346494,0.002785885240882635
4873184,0.38830870389938354,0.025749167427420616,0.025749167427420616,1.125,6.578125,1.0,0.00026905687991529703,0.0027408136520534754
4877547,0.38941603899002075,0.027914419770240784,0.027914419770240784,1.1953125,6.7109375,1.0,0.00026848181732930243,0.0027359817177057266
4935158,0.3849494755268097,0.024914667010307312,0.024914667010307312,1.0703125,6.5703125,1.0,0.00026131595950573683,0.0027207841631025076
4951778,0.38483116030693054,0.023930689319968224,0.023930689319968224,1.125,6.5703125,1.0,0.00026783838984556496,0.0027858715038746595
4978071,0.3866331875324249,0.029226314276456833,0.029226314276456833,1.1875,6.6171875,1.0,0.0002682090562302619,0.0027008256874978542
4981386,0.39070597290992737,0.02731112763285637,0.02731112763285637,1.1796875,6.5078125,1.0,0.00027147712535224855,0.002793205203488469
4990862,0.38583827018737793,0.025649404153227806,0.025649404153227806,1.1328125,6.640625,1.0,0.00026705581694841385,0.0026992710772901773
5038336,0.3888825476169586,0.02869443967938423,0.02869443967938423,1.1328125,6.6015625,1.0,0.00027019481058232486,0.0028021493926644325
5040381,0.38675469160079956,0.026844870299100876,0.026844870299100876,1.125,6.53125,1.0,0.00026620752760209143,0.00274581927806139
5124410,0.3854157030582428,0.028045888990163803,0.028045888990163803,1.171875,6.5625,1.0,0.00026996678207069635,0.0027430292684584856
5138933,0.38541823625564575,0.027134843170642853,0.027134843170642853,1.15625,6.5625,1.0,0.0002659514138940722,0.0027513850945979357
5166633,0.38950830698013306,0.027123084291815758,0.027123084291815758,1.203125,6.6015625,1.0,0.0002705097431316972,0.00276363012380898
5219922,0.3825385272502899,0.029941027984023094,0.029941027984023094,1.1015625,6.5859375,1.0,0.00026158636319451034,0.0027176577132195234
5222833,0.38474297523498535,0.028609465807676315,0.028609465807676315,1.1328125,6.6328125,1.0,0.0002591598895378411,0.00274121155962348
5250554,0.3831823170185089,0.028180047869682312,0.028180047869682312,1.1875,6.59375,1.0,0.00026461758534424007,0.0027388802263885736
5270706,0.3821627199649811,0.02948393113911152,0.02948393113911152,1.1640625,6.640625,1.0,0.00025980331702157855,0.0026644226163625717
5285161,0.38637253642082214,0.02689657174050808,0.02689657174050808,1.1640625,6.703125,1.0,0.0002646271314006299,0.002755491528660059
5338988,0.38214147090911865,0.02729222923517227,0.02729222923517227,1.140625,6.6875,1.0,0.0002638770965859294,0.0026613071095198393
5368098,0.38636693358421326,0.027216322720050812,0.027216322720050812,1.140625,6.5703125,1.0,0.0002657540899235755,0.002764653181657195
5413426,0.3859085440635681,0.029734376817941666,0.029734376817941666,1.1171875,6.6875,1.0,0.0002630610833875835,0.0027209704276174307
5441740,0.3881690204143524,0.03563595935702324,0.03563595935702324,1.1328125,6.4765625,1.0,0.0002688407839741558,0.002777069341391325
5497391,0.3869582414627075,0.0288613922894001,0.0288613922894001,1.140625,6.5234375,1.0,0.00026484590489417315,0.0027459743432700634
5498054,0.3893871307373047,0.03371821343898773,0.03371821343898773,1.1328125,6.4453125,1.0,0.00026473490288481116,0.00279478938318789
5512626,0.3862359821796417,0.03179226443171501,0.03179226443171501,1.1328125,6.59375,1.0,0.0002637301804497838,0.0027497997507452965
5518750,0.38856345415115356,0.03050868771970272,0.03050868771970272,1.125,6.625,1.0,0.0002667494409251958,0.0028102195356041193
5581431,0.38802778720855713,0.03130130469799042,0.03130130469799042,1.1796875,6.5546875,1.0,0.00026991547201760113,0.0027529119979590178
5624615,0.3852156102657318,0.028725266456604004,0.028725266456604004,1.109375,6.4921875,1.0,0.0002649759117048234,0.0027825578581541777
5640728,0.3861396908760071,0.03211772441864014,0.03211772441864014,1.1484375,6.5,1.0,0.00026951165637001395,0.002787550911307335
5644308,0.3871115744113922,0.02891511283814907,0.02891511283814907,1.1640625,6.6015625,1.0,0.0002648160152602941,0.0027643379289656878
5696770,0.38553890585899353,0.03065948374569416,0.03065948374569416,1.1171875,6.4453125,1.0,0.00026824703672900796,0.0027283052913844585
5698785,0.38831421732902527,0.030504215508699417,0.030504215508699417,1.125,6.640625,1.0,0.0002676798321772367,0.002785357879474759
5743966,0.3878583014011383,0.030018508434295654,0.030018508434295654,1.1953125,6.6171875,1.0,0.0002662205952219665,0.002761432435363531
5755107,0.38685500621795654,0.03515804186463356,0.03515804186463356,1.1484375,6.5078125,1.0,0.0002675630385056138,0.002705911872908473
5760541,0.38651004433631897,0.03623697906732559,0.03623697906732559,1.1640625,6.453125,1.0,0.0002651148824952543,0.0027395794168114662
5764366,0.3883710503578186,0.032526060938835144,0.032526060938835144,1.15625,6.453125,1.0,0.0002724365913309157,0.002801725408062339
5780167,0.3875874876976013,0.032757509499788284,0.032757509499788284,1.140625,6.578125,1.0,0.00026740567409433424,0.002738403854891658
5785075,0.3882635235786438,0.04254613816738129,0.04254613816738129,1.265625,6.375,1.0,0.0002736138121690601,0.002733055269345641
5804247,0.391312837600708,0.03924913331866264,0.03924913331866264,1.2421875,6.453125,1.0,0.000274221965810284,0.0028036374133080244
5824434,0.38404470682144165,0.0329337902367115,0.0329337902367115,1.1796875,6.4765625,1.0,0.00027022851281799376,0.0027160565368831158
5845329,0.3852974474430084,0.032061051577329636,0.032061051577329636,1.125,6.578125,1.0,0.0002636669378262013,0.002714098198339343
5855416,0.38617971539497375,0.0326162651181221,0.0326162651181221,1.171875,6.4765625,1.0,0.00026994184008799493,0.002760075032711029
5877621,0.3881751000881195,0.03181678429245949,0.03181678429245949,1.171875,6.546875,1.0,0.00026890457957051694,0.0027386879082769156
5893965,0.38435783982276917,0.03020481765270233,0.03020481765270233,1.140625,6.6015625,1.0,0.0002663905906956643,0.0026939809322357178
5908369,0.38825762271881104,0.032276447862386703,0.032276447862386703,1.171875,6.5,1.0,0.00026812535361386836,0.002784955082461238
5941374,0.38397201895713806,0.029767422005534172,0.029767422005534172,1.1484375,6.6171875,1.0,0.00026312257978133857,0.002686959458515048
5944294,0.38416895270347595,0.030715206637978554,0.030715206637978554,1.0625,6.515625,1.0,0.00026876857737079263,0.0026843801606446505
6041494,0.38472896814346313,0.03167209029197693,0.03167209029197693,1.15625,6.5,1.0,0.0002651858958415687,0.0027588936500251293
6061407,0.3818618357181549,0.03255666419863701,0.03255666419863701,1.171875,6.4921875,1.0,0.0002646022185217589,0.002703246893361211
6062091,0.38380855321884155,0.035812679678201675,0.035812679678201675,1.171875,6.484375,1.0,0.00026604352751746774,0.0027157410513609648
6156255,0.3827055096626282,0.03332903981208801,0.03332903981208801,1.1640625,6.65625,1.0,0.0002646515204105526,0.0026847783010452986
6186372,0.3862186074256897,0.037007611244916916,0.037007611244916916,1.1484375,6.453125,1.0,0.0002733133442234248,0.0027625623624771833
6200820,0.38450583815574646,0.034462928771972656,0.034462928771972656,1.125,6.40625,1.0,0.0002680027100723237,0.0027249546255916357
6223279,0.3802641034126282,0.03243231400847435,0.03243231400847435,1.1640625,6.515625,1.0,0.0002644191845320165,0.002705306513234973
6224613,0.38270819187164307,0.03621787205338478,0.03621787205338478,1.140625,6.5078125,1.0,0.0002672587288543582,0.002686400432139635
6225068,0.3819296956062317,0.033649250864982605,0.033649250864982605,1.109375,6.5859375,1.0,0.0002685232611838728,0.0027459922712296247
6294514,0.38083726167678833,0.03938164934515953,0.03938164934515953,1.1328125,6.546875,1.0,0.000267238006927073,0.0026900479570031166
6305304,0.38443294167518616,0.035218387842178345,0.035218387842178345,1.140625,6.46875,1.0,0.00026894014445133507,0.002662182319909334
6359291,0.38344451785087585,0.030264781787991524,0.030264781787991524,1.1328125,6.578125,1.0,0.0002693788264878094,0.0026797198224812746
6393080,0.3870217204093933,0.03427949175238609,0.03427949175238609,1.1484375,6.53125,1.0,0.0002731664280872792,0.0027304638642817736
6404765,0.3866441249847412,0.033622078597545624,0.033622078597545624,1.1328125,6.5859375,1.0,0.0002703156787902117,0.0027620799373835325
6443020,0.3851611912250519,0.040487512946128845,0.040487512946128845,1.1640625,6.5234375,1.0,0.00026943234843201935,0.0027751154266297817
6448684,0.38502737879753113,0.04078778624534607,0.04078778624534607,1.1328125,6.5703125,1.0,0.0002703897189348936,0.002729729050770402
6452969,0.3823280930519104,0.03416702523827553,0.03416702523827553,1.1640625,6.53125,1.0,0.00026678666472435,0.0026790082920342684
6470490,0.38599011301994324,0.03869561851024628,0.03869561851024628,1.1640625,6.4140625,1.0,0.0002706377417780459,0.002734292298555374
6483125,0.38385820388793945,0.03682327643036842,0.03682327643036842,1.15625,6.3359375,1.0,0.0002716475573834032,0.0027395980432629585
6484674,0.3865700960159302,0.03641345724463463,0.03641345724463463,1.1640625,6.5703125,1.0,0.0002680868492461741,0.0027283804956823587
6538607,0.38528814911842346,0.039392370730638504,0.039392370730638504,1.125,6.515625,1.0,0.0002682972699403763,0.002747216494753957
6596523,0.3876153230667114,0.03340573236346245,0.03340573236346245,1.171875,6.46875,1.0,0.00026770008844323456,0.0027676161844283342
6615700,0.3891580104827881,0.03754814714193344,0.03754814714193344,1.2109375,6.6328125,1.0,0.0002696778974495828,0.002775052096694708
6623806,0.38963639736175537,0.04164731130003929,0.04164731130003929,1.1796875,6.53125,1.0,0.00027134045376442373,0.002788380952551961
6627725,0.3860440254211426,0.043844450265169144,0.043844450265169144,1.171875,6.609375,1.0,0.00026903930120170116,0.0027602510526776314
6645403,0.38698846101760864,0.04376523569226265,0.04376523569226265,1.1171875,6.296875,1.0,0.00026567396707832813,0.002799105131998658
6678682,0.388952374458313,0.03792167827486992,0.03792167827486992,1.25,6.4921875,1.0,0.0002739056362770498,0.002774159424006939
6679400,0.3840780556201935,0.03702135011553764,0.03702135011553764,1.125,6.4609375,1.0,0.00026473746402189136,0.0027244416996836662
6683457,0.3838537335395813,0.03195280581712723,0.03195280581712723,1.15625,6.59375,1.0,0.00026828725822269917,0.002709244145080447
6689861,0.38820284605026245,0.037206415086984634,0.037206415086984634,1.1796875,6.453125,1.0,0.0002681173791643232,0.002771548228338361
6690325,0.3841099739074707,0.03421488776803017,0.03421488776803017,1.21875,6.5,1.0,0.00026457381318323314,0.0027250454295426607
6709065,0.3843722641468048,0.035069916397333145,0.035069916397333145,1.1484375,6.4375,1.0,0.00027097767451778054,0.0027121840976178646
6715811,0.38101688027381897,0.03628065437078476,0.03628065437078476,1.1484375,6.4609375,1.0,0.00026357287424616516,0.002747785300016403
6774934,0.3876732885837555,0.0360289104282856,0.0360289104282856,1.15625,6.359375,1.0,0.0002745810488704592,0.0028006327338516712
6778543,0.3817255198955536,0.04570930823683739,0.04570930823683739,1.140625,6.375,1.0,0.0002656924189068377,0.0027271034196019173
6797587,0.3827078938484192,0.03952772915363312,0.03952772915363312,1.1328125,6.5390625,1.0,0.00026557815726846457,0.002682477468624711
6820561,0.38579851388931274,0.0363047793507576,0.0363047793507576,1.1484375,6.46875,1.0,0.00026527891168370843,0.0027568843215703964
6823761,0.38538119196891785,0.03312509134411812,0.03312509134411812,1.1015625,6.421875,1.0,0.00027171566034667194,0.0027544323820620775
6826006,0.3823229968547821,0.03202361240983009,0.03202361240983009,1.1015625,6.546875,1.0,0.0002638958103489131,0.0027071188669651747
6849917,0.38079923391342163,0.035692594945430756,0.035692594945430756,1.09375,6.578125,1.0,0.0002645127533469349,0.0027097163256257772
6863457,0.38122445344924927,0.0359380766749382,0.0359380766749382,1.109375,6.5703125,1.0,0.00026420250651426613,0.0027010669000446796
6888832,0.3834350109100342,0.032662153244018555,0.032662153244018555,1.0546875,6.5234375,1.0,0.00026882649399340153,0.0027221294585615396
6906751,0.38605836033821106,0.03205609694123268,0.03205609694123268,1.1875,6.4609375,1.0,0.0002706429804675281,0.002759454073384404
6912524,0.3875221014022827,0.03672189638018608,0.03672189638018608,1.140625,6.59375,1.0,0.0002736102615017444,0.0027370196767151356
6928005,0.3842008411884308,0.03425329551100731,0.03425329551100731,1.1171875,6.4921875,1.0,0.0002679802128113806,0.0027408660389482975
6933069,0.3873344361782074,0.03587710112333298,0.03587710112333298,1.109375,6.3828125,1.0,0.0002723194193094969,0.0027669332921504974
6952835,0.38777610659599304,0.03463850915431976,0.03463850915431976,1.15625,6.40625,1.0,0.0002770435530692339,0.00278319139033556
6968564,0.38542410731315613,0.03354760631918907,0.03354760631918907,1.1484375,6.4375,1.0,0.00027564377523958683,0.0027342047542333603
6995973,0.38591334223747253,0.02907286211848259,0.02907286211848259,1.1640625,6.3984375,1.0,0.00027337385108694434,0.002771200379356742
7022651,0.3831113576889038,0.03225594386458397,0.03225594386458397,1.140625,6.3203125,1.0,0.0002715277369134128,0.002712803427129984
7033541,0.38625505566596985,0.03477303311228752,0.03477303311228752,1.1640625,6.2734375,1.0,0.0002742356155067682,0.0028190920129418373
7044272,0.38598451018333435,0.03732782229781151,0.03732782229781151,1.1328125,6.3984375,1.0,0.00027518364368006587,0.0027723500970751047
7051319,0.3841075599193573,0.037800777703523636,0.037800777703523636,1.1328125,6.546875,1.0,0.000274090125458315,0.002717270515859127
7111506,0.3818409740924835,0.03886934369802475,0.03886934369802475,1.1171875,6.3671875,1.0,0.0002697058953344822,0.002693824702873826
7136823,0.38127702474594116,0.03915206715464592,0.03915206715464592,1.171875,6.328125,1.0,0.0002662119222804904,0.0027066634502261877
7149376,0.3864637017250061,0.04514215141534805,0.04514215141534805,1.1484375,6.34375,1.0,0.00027167817461304367,0.0027618282474577427
7175396,0.38352206349372864,0.04411816969513893,0.04411816969513893,1.125,6.1875,1.0,0.0002736961469054222,0.0027450397610664368
7238055,0.3809833228588104,0.04676691070199013,0.04676691070199013,1.171875,6.453125,0.9921875,0.0002687757078092545,0.002675193129107356
7245080,0.3855637013912201,0.03580045700073242,0.03580045700073242,1.1484375,6.1875,1.0,0.0002723153738770634,0.0027677398175001144
7251141,0.3846890330314636,0.03369869291782379,0.03369869291782379,1.125,6.375,1.0,0.00027153975679539144,0.0027496726252138615
7291607,0.377896249294281,0.03210191801190376,0.03210191801190376,1.0859375,6.4609375,1.0,0.00026346169761382043,0.002682520542293787
7319477,0.38399380445480347,0.039115406572818756,0.039115406572818756,1.203125,6.3984375,1.0,0.000272449484327808,0.002746958052739501
7320164,0.3843563199043274,0.04229496046900749,0.04229496046900749,1.1171875,6.3359375,1.0,0.0002722918870858848,0.0027306454721838236
7322947,0.3879074454307556,0.04707721993327141,0.04707721993327141,1.21875,6.15625,1.0,0.00027512016822583973,0.002794380998238921
7333592,0.38447272777557373,0.0408288948237896,0.0408288948237896,1.1484375,6.3359375,1.0,0.00026837876066565514,0.002741683041676879
7480558,0.3860839903354645,0.04018988460302353,0.04018988460302353,1.15625,6.4140625,1.0,0.0002699090400710702,0.0027458302211016417
7496516,0.38736873865127563,0.04179224744439125,0.04179224744439125,1.09375,6.3671875,1.0,0.0002740588679444045,0.0027897870168089867
7522909,0.3862150311470032,0.03569123521447182,0.03569123521447182,1.15625,6.3828125,1.0,0.0002724211080931127,0.002722215373069048
7544157,0.38339900970458984,0.03486365079879761,0.03486365079879761,1.125,6.5,1.0,0.0002711801207624376,0.0026951583568006754
7555507,0.38246920704841614,0.03664170205593109,0.03664170205593109,1.1171875,6.328125,1.0,0.0002682798949535936,0.002682114252820611
7557851,0.38321372866630554,0.034287165850400925,0.034287165850400925,1.1796875,6.3984375,1.0,0.000268361036432907,0.002688102424144745
7570575,0.3862992227077484,0.03351137787103653,0.03351137787103653,1.1328125,6.375,1.0,0.0002725308877415955,0.002724513178691268
7575786,0.38390493392944336,0.03567127883434296,0.03567127883434296,1.109375,6.4140625,1.0,0.0002692794078029692,0.0027030659839510918
7609674,0.38483503460884094,0.038772862404584885,0.038772862404584885,1.2109375,6.1875,1.0,0.00026505417190492153,0.0027664205990731716
7613180,0.38390353322029114,0.041646648198366165,0.041646648198366165,1.09375,6.3125,1.0,0.00027089938521385193,0.002745186211541295
7627040,0.38239699602127075,0.036701738834381104,0.036701738834381104,1.1796875,6.390625,1.0,0.0002665085776243359,0.0027145512867718935
7704497,0.38642340898513794,0.06052941456437111,0.06052941456437111,1.2421875,6.265625,1.0,0.0002739042683970183,0.002796136774122715
7720097,0.3855968713760376,0.040068335831165314,0.040068335831165314,1.125,6.3828125,1.0,0.00027440435951575637,0.0027745880652219057
7727381,0.3853908181190491,0.03959209471940994,0.03959209471940994,1.140625,6.2421875,1.0,0.0002711948473006487,0.0027714574243873358
7746775,0.38095080852508545,0.03891367465257645,0.03891367465257645,1.1640625,6.5234375,1.0,0.0002701040357351303,0.0026535275392234325
7762773,0.38871118426322937,0.04060623049736023,0.04060623049736023,1.1484375,6.3125,1.0,0.00027903009322471917,0.0027524058241397142
7769102,0.38409698009490967,0.04036310687661171,0.04036310687661171,1.1796875,6.3203125,1.0,0.0002751225547399372,0.0027872950304299593
7783314,0.38022154569625854,0.03920101001858711,0.03920101001858711,1.1640625,6.4453125,1.0,0.0002664408239070326,0.002696539042517543
7788541,0.3826741874217987,0.04159020259976387,0.04159020259976387,1.1484375,6.4296875,1.0,0.0002726313250605017,0.0027367144357413054
7805465,0.38104355335235596,0.04378122463822365,0.04378122463822365,1.203125,6.4296875,1.0,0.0002681453770492226,0.002622538013383746
7805700,0.3800126612186432,0.0444798544049263,0.0444798544049263,1.140625,6.4375,1.0,0.0002708737156353891,0.0026626659091562033
7836758,0.37981337308883667,0.04455334693193436,0.04455334693193436,1.1171875,6.4296875,1.0,0.00027217474416829646,0.00266382098197937
7841019,0.3800562024116516,0.04346860200166702,0.04346860200166702,1.1640625,6.484375,1.0,0.0002712888235691935,0.0026474404148757458
7883346,0.3820708394050598,0.04445677623152733,0.04445677623152733,1.1484375,6.40625,1.0,0.0002721535274758935,0.002661896636709571
7898008,0.38329052925109863,0.04552895575761795,0.04552895575761795,1.1328125,6.2578125,1.0,0.0002749648701865226,0.002709953347221017
7922231,0.37855446338653564,0.04231889918446541,0.04231889918446541,1.1875,6.4296875,1.0,0.0002721722994465381,0.002607405185699463
7928875,0.3819597363471985,0.049767185002565384,0.049767185002565384,1.1328125,6.1328125,1.0,0.0002720391203183681,0.0027665726374834776
7938687,0.3806641399860382,0.043095242232084274,0.043095242232084274,1.171875,6.28125,1.0,0.00027105011395178735,0.002693084068596363
8070171,0.3808387517929077,0.04360547661781311,0.04360547661781311,1.140625,6.203125,1.0,0.0002721706114243716,0.002731273416429758
8078937,0.3810017704963684,0.04656105861067772,0.04656105861067772,1.125,6.5078125,1.0,0.00027060930733568966,0.0026889934670180082
8082344,0.37957561016082764,0.04466133564710617,0.04466133564710617,1.1171875,6.2734375,1.0,0.00027053215308114886,0.002700702752918005
8094953,0.37822481989860535,0.04334907978773117,0.04334907978773117,1.15625,6.3515625,1.0,0.0002701187622733414,0.00265450868755579
8130672,0.38349685072898865,0.04620344564318657,0.04620344564318657,1.125,6.2109375,1.0,0.00027224680525250733,0.0027080592699348927
8131409,0.38018521666526794,0.044551365077495575,0.044551365077495575,1.1328125,6.4375,1.0,0.00027217873139306903,0.0026895978953689337
8174735,0.3785345256328583,0.04825268313288689,0.04825268313288689,1.140625,6.3046875,1.0,0.00026836563483811915,0.0027487401384860277
8175460,0.3831856846809387,0.046239305287599564,0.046239305287599564,1.125,6.328125,1.0,0.00027415461954660714,0.0028144645038992167
8177125,0.3772854208946228,0.04281989485025406,0.04281989485025406,1.125,6.3515625,1.0,0.0002673102426342666,0.002708089305087924
8236193,0.38196906447410583,0.04725348949432373,0.04725348949432373,1.1640625,6.25,1.0,0.00027256712201051414,0.0026970957405865192
8253751,0.3774724006652832,0.054462943226099014,0.054462943226099014,1.109375,6.1875,1.0,0.0002663237683009356,0.0026841554790735245
8275617,0.37604787945747375,0.044906556606292725,0.044906556606292725,1.1015625,6.3125,1.0,0.00026552335475571454,0.0026451386511325836
8326538,0.3770681619644165,0.047921329736709595,0.047921329736709595,1.1171875,6.40625,1.0,0.0002677352458704263,0.002667349297553301
8343192,0.3801901638507843,0.04618499055504799,0.04618499055504799,1.140625,6.3046875,1.0,0.000271070544840768,0.0027050317730754614
8394093,0.38003191351890564,0.0402732715010643,0.0402732715010643,1.1015625,6.2890625,1.0,0.0002671884431038052,0.002677632961422205
8402550,0.3737086355686188,0.038079969584941864,0.038079969584941864,1.15625,6.4296875,1.0,0.0002608867653179914,0.002594992285594344
8458071,0.37904229760169983,0.040587447583675385,0.040587447583675385,1.1328125,6.078125,1.0,0.00026836644974537194,0.002733551198616624
8462609,0.3791029155254364,0.036815594881772995,0.036815594881772995,1.1640625,6.2734375,1.0,0.0002713666472118348,0.0026540274266153574
8488036,0.3750021457672119,0.045142121613025665,0.045142121613025665,1.1015625,6.2265625,1.0,0.00026581744896247983,0.002649991773068905
8495696,0.37373673915863037,0.03918926790356636,0.03918926790356636,1.1328125,6.421875,1.0,0.0002665346546564251,0.0026424312964081764
8517721,0.3769148290157318,0.04202447459101677,0.04202447459101677,1.0859375,6.3046875,1.0,0.00026780221378430724,0.002674936316907406
8546866,0.3762320578098297,0.04519212618470192,0.04519212618470192,1.1328125,6.3359375,1.0,0.00026729636010713875,0.0026790532283484936
8572388,0.37762659788131714,0.046368204057216644,0.046368204057216644,1.109375,6.3828125,1.0,0.00026515868376009166,0.0026829312555491924
8595377,0.37751054763793945,0.06239192187786102,0.06239192187786102,1.1796875,6.2578125,1.0,0.0002658731827978045,0.002690225141122937
8630455,0.3753614127635956,0.0447276271879673,0.0447276271879673,1.1171875,6.3203125,1.0,0.0002633742114994675,0.0026397714391350746
8694538,0.3754221796989441,0.05922856554389,0.05922856554389,1.1484375,6.2421875,1.0,0.0002676302974577993,0.0027017039246857166
8697436,0.37668871879577637,0.03904347121715546,0.03904347121715546,1.140625,6.296875,1.0,0.0002663200721144676,0.002723616547882557
8721795,0.3791883587837219,0.040477924048900604,0.040477924048900604,1.1171875,6.28125,1.0,0.0002646491047926247,0.002728368155658245
8769475,0.3804566264152527,0.054083675146102905,0.054083675146102905,1.125,6.140625,1.0,0.00027172145200893283,0.002745611360296607
8797365,0.3827895522117615,0.052275002002716064,0.052275002002716064,1.125,6.2890625,1.0,0.0002711447305046022,0.0027652562130242586
8808697,0.37352699041366577,0.04319300502538681,0.04319300502538681,1.109375,6.359375,1.0,0.0002609388902783394,0.002613293007016182
8825194,0.37593892216682434,0.046286795288324356,0.046286795288324356,1.109375,6.1484375,1.0,0.0002626408822834492,0.002636177698150277
8847331,0.3781678378582001,0.045279450714588165,0.045279450714588165,1.1328125,6.203125,1.0,0.0002648354566190392,0.002679814351722598
8853783,0.37350550293922424,0.04628360643982887,0.04628360643982887,1.0859375,6.1640625,1.0,0.0002616715501062572,0.0026248914655297995
8866790,0.3850005567073822,0.0721062496304512,0.0721062496304512,1.1484375,5.984375,1.0,0.0002733908186201006,0.00274829869158566
8926173,0.3818642199039459,0.05525244399905205,0.05525244399905205,1.2109375,6.3515625,1.0,0.00027046489412896335,0.00271109351888299
8966423,0.3784632682800293,0.06207326054573059,0.06207326054573059,1.1796875,6.140625,1.0,0.0002658028097357601,0.0026771987322717905
8990698,0.37673965096473694,0.04160862788558006,0.04160862788558006,1.1640625,6.34375,1.0,0.00026476371567696333,0.002692847978323698
8991645,0.380355566740036,0.04903522878885269,0.04903522878885269,1.1484375,6.2109375,1.0,0.0002679955796338618,0.002690293360501528
9013402,0.3781457841396332,0.04922134801745415,0.04922134801745415,1.15625,6.2109375,1.0,0.0002657875302247703,0.002710900269448757
9035135,0.37979620695114136,0.05152832344174385,0.05152832344174385,1.1015625,6.1953125,1.0,0.000266035262029618,0.0027074425015598536
9080923,0.37447160482406616,0.04265984147787094,0.04265984147787094,1.125,6.28125,1.0,0.0002653302508406341,0.0026660303119570017
9123948,0.37236419320106506,0.04384080320596695,0.04384080320596695,1.09375,6.359375,1.0,0.0002632838732097298,0.0026388876140117645
9126851,0.37914803624153137,0.04933977127075195,0.04933977127075195,1.125,6.171875,1.0,0.0002656359283719212,0.002677011536434293
9130473,0.37787559628486633,0.048554133623838425,0.048554133623838425,1.171875,6.2265625,1.0,0.0002646343782544136,0.002669338835403323
9150667,0.37452074885368347,0.055065520107746124,0.055065520107746124,1.1328125,6.484375,1.0,0.00026329830870963633,0.0026256581768393517
9155488,0.37830430269241333,0.044465333223342896,0.044465333223342896,1.125,6.25,1.0,0.0002650031237863004,0.0027053900994360447
9160323,0.37652233242988586,0.054454874247312546,0.054454874247312546,1.109375,6.2109375,1.0,0.00026527707814238966,0.002677881857380271
9167078,0.3777752220630646,0.06317456066608429,0.06317456066608429,1.203125,6.0859375,1.0,0.0002674909483175725,0.002702769124880433
9189111,0.375553697347641,0.044203147292137146,0.044203147292137146,1.140625,6.375,1.0,0.00026285668718628585,0.002642217557877302
9228703,0.3787638247013092,0.04873672500252724,0.04873672500252724,1.15625,6.1875,1.0,0.00026624658494256437,0.0026798988692462444
9260480,0.3748627305030823,0.0428839847445488,0.0428839847445488,1.1484375,6.3125,1.0,0.00026190627249889076,0.002646487904712558
9261720,0.37677130103111267,0.041374385356903076,0.041374385356903076,1.1640625,6.3046875,1.0,0.00026479142252355814,0.00268539204262197
9289861,0.3809320032596588,0.05230798199772835,0.05230798199772835,1.15625,6.1953125,1.0,0.00026832788717001677,0.0027577353175729513
9328016,0.37638869881629944,0.05572890862822533,0.05572890862822533,1.109375,6.234375,1.0,0.00026449328288435936,0.0027438635006546974
9328515,0.37944677472114563,0.05495431646704674,0.05495431646704674,1.15625,6.1796875,1.0,0.0002675912983249873,0.002755769994109869
9343230,0.37907567620277405,0.04637717083096504,0.04637717083096504,1.1640625,6.2734375,1.0,0.0002666387299541384,0.002678926568478346
9453716,0.37627846002578735,0.048817459493875504,0.048817459493875504,1.125,6.3828125,1.0,0.00026300412719137967,0.002640252700075507
9461309,0.3708062469959259,0.05877485126256943,0.05877485126256943,1.1328125,6.0390625,1.0,0.00025891256518661976,0.00268373335711658
9487351,0.38128501176834106,0.05340792238712311,0.05340792238712311,1.1640625,5.9765625,1.0,0.00026326041552238166,0.002736602444201708
9496386,0.3754626512527466,0.04139915481209755,0.04139915481209755,1.125,6.296875,1.0,0.0002625632332637906,0.0026612707879394293
9503716,0.3813362717628479,0.04727437347173691,0.04727437347173691,1.15625,6.171875,1.0,0.00026721550966612995,0.0027358185034245253
9517478,0.3761707544326782,0.049364570528268814,0.049364570528268814,1.1328125,6.15625,1.0,0.0002636268036440015,0.0027091035153716803
9518939,0.3810550570487976,0.04755771532654762,0.04755771532654762,1.1875,6.0390625,1.0,0.0002634056145325303,0.0027316249907016754
9551554,0.37757542729377747,0.04612481966614723,0.04612481966614723,1.1484375,6.1171875,1.0,0.00026401382638141513,0.002705271588638425
9569592,0.3757888376712799,0.041857436299324036,0.041857436299324036,1.1328125,6.28125,1.0,0.0002620287414174527,0.0026416315231472254
9625256,0.3774680197238922,0.044711727648973465,0.044711727648973465,1.21875,6.125,1.0,0.00026497809449210763,0.0027081267908215523
9630153,0.37619471549987793,0.041814204305410385,0.041814204305410385,1.1484375,6.28125,1.0,0.00026227455236949027,0.0027153741102665663
9658516,0.37657463550567627,0.047230616211891174,0.047230616211891174,1.140625,5.921875,1.0,0.0002659511228557676,0.002712409244850278
9687034,0.37352630496025085,0.04366045817732811,0.04366045817732811,1.1015625,6.28125,1.0,0.0002593066601548344,0.0026760678738355637
9697451,0.37782034277915955,0.043756477534770966,0.043756477534770966,1.171875,6.203125,1.0,0.00026382270152680576,0.002706314902752638
9698638,0.3741648495197296,0.04616539552807808,0.04616539552807808,1.1328125,6.2265625,1.0,0.0002607867354527116,0.0026536830700933933
9701269,0.3798501491546631,0.04323514178395271,0.04323514178395271,1.1484375,6.03125,1.0,0.0002648857480380684,0.002721228403970599
9711331,0.3777983784675598,0.0496416836977005,0.0496416836977005,1.1796875,6.15625,1.0,0.00026023382088169456,0.002671994734555483
9803502,0.3774777054786682,0.055999014526605606,0.055999014526605606,1.171875,6.046875,1.0,0.0002647359506227076,0.002690537367016077
9807141,0.37724047899246216,0.04528849199414253,0.04528849199414253,1.109375,6.1796875,1.0,0.0002670313697308302,0.0027226952370256186
9832193,0.37965038418769836,0.05054395645856857,0.05054395645856857,1.1328125,6.1640625,1.0,0.00027189034153707325,0.0027214677538722754
9848114,0.379042387008667,0.04687707498669624,0.04687707498669624,1.1875,6.0078125,1.0,0.0002708412939682603,0.0027110781520605087
9887669,0.3676499128341675,0.04781917855143547,0.04781917855143547,1.125,6.1171875,1.0,0.0002594521502032876,0.0026181796565651894
9918800,0.3753816783428192,0.04062495008111,0.04062495008111,1.0859375,6.1328125,1.0,0.00026703730691224337,0.0026613622903823853
9943639,0.3756435513496399,0.05031080171465874,0.05031080171465874,1.1015625,6.171875,1.0,0.00026713107945397496,0.0026626689359545708
9971416,0.37585654854774475,0.046001143753528595,0.046001143753528595,1.1328125,6.171875,1.0,0.00026724542840383947,0.0026588712353259325
9995137,0.3761584460735321,0.04462713003158569,0.04462713003158569,1.078125,6.09375,1.0,0.00026629024068824947,0.002634016564115882
10090213,0.3757111430168152,0.04118905961513519,0.04118905961513519,1.1328125,6.09375,1.0,0.00026320794131606817,0.0026853245217353106
10152430,0.3745502829551697,0.040928926318883896,0.040928926318883896,1.140625,6.125,1.0,0.0002624090120662004,0.0026653294917196035
10160330,0.3785817325115204,0.04566825553774834,0.04566825553774834,1.140625,6.1015625,1.0,0.0002691016998142004,0.00278705102391541
10182184,0.3755168616771698,0.0481460839509964,0.0481460839509964,1.203125,6.1171875,1.0,0.0002647876099217683,0.0026957800146192312
10188660,0.3737615942955017,0.04594847187399864,0.04594847187399864,1.1171875,6.0078125,1.0,0.0002637752331793308,0.0027441983111202717
